財務年度季度,公司代號,公司名稱,本益比,每股股利,殖利率,股價淨值比
2026Q2,1101,台泥,,,3.29,0.79
2026Q2,1102,亞泥,9.72,,6.53,0.68
2026Q2,1103,嘉泥,9.81,,3.95,0.49
2026Q2,1104,環泥,10.17,,6.74,0.77
2026Q2,1108,幸福,17.06,,8.62,0.86
2026Q2,1109,信大,19.57,,6.67,0.56
2026Q2,1110,東泥,25.81,,1.88,0.96
2026Q2,1201,味全,19.84,,1.74,0.77
2026Q2,1203,味王,21.83,,2.18,1.68
2026Q2,1210,大成,12.90,,5.71,1.72
2026Q2,1213,大飲,,,,0.69
2026Q2,1215,卜蜂,12.67,,6.36,2.97
2026Q2,1216,統一,18.53,,3.91,3.20
2026Q2,1217,愛之味,15.09,,2.51,0.64
2026Q2,1218,泰山,,,9.13,0.61
2026Q2,1219,福壽,,,4.26,1.01
2026Q2,1220,台榮,157.14,,1.82,0.85
2026Q2,1225,福懋油,119.29,,3.99,1.62
2026Q2,1227,佳格,17.73,,4.69,1.42
2026Q2,1229,聯華,16.75,,4.80,1.19
2026Q2,1231,聯華食,16.28,,3.11,3.20
2026Q2,1232,大統益,17.39,,4.59,4.55
2026Q2,1233,天仁,30.54,,0.71,1.81
2026Q2,1234,黑松,20.37,,4.94,0.73
2026Q2,1235,興泰,,,2.57,0.67
2026Q2,1236,宏亞,,,6.29,0.87
2026Q2,1256,鮮活果汁-KY,11.18,,3.79,1.48
2026Q2,1301,台塑,39.70,,0.77,0.72
2026Q2,1303,南亞,37.90,,0.34,3.90
2026Q2,1304,台聚,,,1.21,0.75
2026Q2,1305,華夏,,,0.82,0.92
2026Q2,1307,三芳,9.15,,7.18,1.22
2026Q2,1308,亞聚,,,1.41,0.78
2026Q2,1309,台達化,,,1.10,1.01
2026Q2,1310,台苯,,,,0.72
2026Q2,1312,國喬,,,,0.53
2026Q2,1313,聯成,,,0.85,0.52
2026Q2,1314,中石化,,,,0.41
2026Q2,1315,達新,27.09,,6.81,0.47
2026Q2,1316,上曜,,,,0.90
2026Q2,1319,東陽,12.82,,6.33,1.73
2026Q2,1321,大洋,248.85,,,1.18
2026Q2,1323,永裕,16.73,,4.24,0.73
2026Q2,1324,地球,,,,0.84
2026Q2,1325,恆大,,,,0.86
2026Q2,1326,台化,29.92,,0.85,0.80
2026Q2,1337,再生-KY,,,,0.34
2026Q2,1338,廣華-KY,,,2.19,0.20
2026Q2,1339,昭輝,7.39,,5.82,0.77
2026Q2,1340,勝悅-KY,,,,0.30
2026Q2,1341,富林-KY,12.15,,6.69,2.55
2026Q2,1342,八貫,14.50,,5.85,3.55
2026Q2,1402,遠東新,14.84,,4.36,0.66
2026Q2,1409,新纖,11.11,,3.68,0.82
2026Q2,1410,南染,33.63,,0.81,1.45
2026Q2,1413,宏洲,29.97,,,1.06
2026Q2,1414,東和,31.52,,1.13,1.17
2026Q2,1416,廣豐,9.75,,4.96,0.48
2026Q2,1417,嘉裕,16.08,,3.05,0.66
2026Q2,1418,東華,,,,0.85
2026Q2,1419,新紡,4.86,,2.67,0.89
2026Q2,1423,利華,10.44,,10.11,1.04
2026Q2,1432,大魯閣,2.95,,13.29,1.22
2026Q2,1434,福懋,19.35,,2.81,0.62
2026Q2,1435,中福,,,,3.55
2026Q2,1436,華友聯,13.17,,13.59,1.30
2026Q2,1437,勤益控,7.38,,3.00,0.75
2026Q2,1438,三地開發,9.00,,0.86,0.82
2026Q2,1439,雋揚,9.58,,1.70,0.90
2026Q2,1440,南紡,453.33,,2.21,0.79
2026Q2,1441,大東,,,,1.74
2026Q2,1442,名軒,17.57,,7.99,1.49
2026Q2,1443,立益物流,11.65,,,1.34
2026Q2,1444,力麗,,,,0.69
2026Q2,1445,大宇,,,4.81,0.64
2026Q2,1446,宏和,14.20,,11.24,0.69
2026Q2,1447,力鵬,,,,0.70
2026Q2,1449,佳和,,,,0.63
2026Q2,1451,年興,11.46,,5.78,0.46
2026Q2,1452,宏益,,,1.77,0.55
2026Q2,1453,大將,15.71,,2.73,0.83
2026Q2,1454,台富,,,0.81,1.15
2026Q2,1455,集盛,18.68,,1.62,0.85
2026Q2,1456,怡華,4.95,,,0.73
2026Q2,1457,宜進,10.63,,6.97,0.64
2026Q2,1459,聯發,6.05,,1.28,1.19
2026Q2,1460,宏遠,,,,0.78
2026Q2,1463,強盛新,,,0.75,1.15
2026Q2,1464,得力,12.11,,2.49,0.79
2026Q2,1465,偉全,20.43,,2.53,0.79
2026Q2,1466,聚隆,,,1.29,1.10
2026Q2,1467,南緯,31.58,,,0.67
2026Q2,1468,昶和,15.17,,,1.49
2026Q2,1470,大統新創,18.38,,2.72,2.03
2026Q2,1471,首利,48.25,,,0.99
2026Q2,1472,三洋實業,14.06,,6.67,2.17
2026Q2,1473,台南,57.43,,2.49,0.76
2026Q2,1474,弘裕,36.93,,2.51,0.59
2026Q2,1475,業旺,6.68,,5.77,1.13
2026Q2,1476,儒鴻,12.43,,5.00,2.84
2026Q2,1477,聚陽,13.52,,7.58,3.54
2026Q2,1503,士電,28.17,,2.44,2.75
2026Q2,1504,東元,25.51,,2.84,1.72
2026Q2,1506,正道,200.00,,,1.07
2026Q2,1512,瑞利,33.42,,,0.93
2026Q2,1513,中興電,18.56,,3.64,3.92
2026Q2,1514,亞力,27.95,,2.16,4.39
2026Q2,1515,力山,20.13,,2.00,1.40
2026Q2,1516,川飛,1415.00,,,2.81
2026Q2,1517,利奇,,,1.87,0.70
2026Q2,1519,華城,47.64,,1.65,24.98
2026Q2,1521,大億,15.91,,2.96,1.03
2026Q2,1522,堤維西,27.92,,4.48,0.96
2026Q2,1524,耿鼎,13.04,,5.26,1.48
2026Q2,1525,江申,45.17,,4.22,0.98
2026Q2,1526,日馳,,,,0.70
2026Q2,1527,鑽全,15.55,,4.57,0.94
2026Q2,1528,恩德,,,,1.90
2026Q2,1529,樂事綠能,24.31,,6.33,1.35
2026Q2,1530,亞崴,15.16,,3.51,0.83
2026Q2,1531,高林股,43.70,,8.47,0.62
2026Q2,1532,勤美,18.50,,3.52,0.63
2026Q2,1533,車王電,11.51,,,1.23
2026Q2,1535,中宇,12.08,,6.57,1.51
2026Q2,1536,和大,,,,1.80
2026Q2,1537,廣隆,13.78,,6.32,2.21
2026Q2,1538,正峰,,,,2.27
2026Q2,1539,巨庭,18.57,,,0.63
2026Q2,1540,喬福,15.94,,5.14,1.18
2026Q2,1541,錩泰,7.94,,,0.78
2026Q2,1558,伸興,13.20,,4.72,1.32
2026Q2,1560,中砂,60.97,,0.69,11.83
2026Q2,1563,巧新,72.74,,2.59,2.02
2026Q2,1568,倉佑,15.32,,3.45,1.57
2026Q2,1582,信錦,22.49,,4.16,1.41
2026Q2,1583,程泰,11.04,,2.07,0.93
2026Q2,1587,吉茂,113.81,,,1.18
2026Q2,1590,亞德客-KY,25.65,,2.18,4.87
2026Q2,1597,直得,70.10,,0.49,5.05
2026Q2,1598,岱宇,,,2.43,0.81
2026Q2,1603,華電,10.77,,6.66,0.59
2026Q2,1604,聲寶,13.51,,6.34,0.96
2026Q2,1605,華新,11.55,,1.31,0.83
2026Q2,1608,華榮,3.18,,5.46,1.38
2026Q2,1609,大亞,13.87,,1.86,1.58
2026Q2,1611,中電,25.89,,6.87,0.93
2026Q2,1612,宏泰,8.90,,7.20,1.17
2026Q2,1614,三洋電,24.33,,3.16,1.40
2026Q2,1615,大山,8.49,,5.92,1.84
2026Q2,1616,億泰,42.61,,7.25,1.73
2026Q2,1617,榮星,12.90,,3.42,1.28
2026Q2,1618,合機,8.14,,4.30,1.12
2026Q2,1623,大東電,16.43,,3.92,3.28
2026Q2,1626,艾美特-KY,,,,0.54
2026Q2,1702,南僑,49.39,,4.91,0.67
2026Q2,1707,葡萄王,11.68,,6.63,1.31
2026Q2,1708,東鹼,12.15,,3.19,1.64
2026Q2,1709,和益,16.72,,2.98,1.78
2026Q2,1710,東聯,,,,1.25
2026Q2,1711,永光,303.85,,,2.43
2026Q2,1712,興農,15.42,,6.12,2.09
2026Q2,1713,國化,9.15,,7.15,1.78
2026Q2,1714,和桐,13.77,,1.11,1.20
2026Q2,1717,長興,38.05,,1.38,2.72
2026Q2,1718,中纖,17.63,,,0.58
2026Q2,1720,生達,9.74,,5.36,1.62
2026Q2,1721,國慶科技,,,,2.83
2026Q2,1722,台肥,53.04,,4.49,0.82
2026Q2,1723,中碳,26.98,,2.21,2.43
2026Q2,1725,元禎,13.18,,3.31,0.68
2026Q2,1726,永記,12.09,,4.77,1.19
2026Q2,1727,中華化,131.30,,0.17,5.37
2026Q2,1730,花仙子,10.73,,5.85,1.60
2026Q2,1731,美吾華,13.91,,5.81,1.27
2026Q2,1732,毛寶,21.30,,2.29,2.20
2026Q2,1733,五鼎,16.39,,4.17,1.67
2026Q2,1734,杏輝,16.81,,5.14,1.72
2026Q2,1735,日勝化,17.26,,3.22,1.30
2026Q2,1736,喬山,11.44,,3.56,2.80
2026Q2,1737,臺鹽,15.72,,4.57,0.91
2026Q2,1752,南光,15.52,,5.08,1.32
2026Q2,1760,寶齡富錦,22.31,,3.57,2.56
2026Q2,1762,中化生,,,,0.84
2026Q2,1773,勝一,20.45,,2.44,4.30
2026Q2,1776,展宇,18.96,,3.48,1.17
2026Q2,1783,和康生,11.63,,5.29,2.26
2026Q2,1786,科妍,18.98,,4.13,1.89
2026Q2,1789,神隆,383.00,,1.51,1.45
2026Q2,1795,美時,12.76,,1.50,1.98
2026Q2,1802,台玻,69.65,,,3.37
2026Q2,1805,寶徠,83.00,,,0.82
2026Q2,1806,冠軍,50.19,,1.87,0.59
2026Q2,1808,潤隆,8.24,,4.30,2.25
2026Q2,1809,中釉,190.50,,0.66,2.17
2026Q2,1810,和成,6.56,,0.83,0.85
2026Q2,1817,凱撒衛,7.97,,5.50,1.25
2026Q2,1903,士紙,35.18,,,2.26
2026Q2,1904,正隆,11.27,,1.84,0.89
2026Q2,1905,華紙,,,,0.85
2026Q2,1906,寶隆,18.20,,,0.61
2026Q2,1907,永豐餘,17.15,,3.43,0.53
2026Q2,1909,榮成,46.74,,,0.67
2026Q2,2002,中鋼,,,0.79,0.97
2026Q2,2006,東和鋼鐵,10.88,,5.25,1.75
2026Q2,2007,燁興,,,,0.94
2026Q2,2008,高興昌,48.05,,3.25,1.42
2026Q2,2009,第一銅,39.42,,0.99,1.67
2026Q2,2010,春源,8.92,,8.93,1.16
2026Q2,2012,春雨,,,2.08,1.08
2026Q2,2013,中鋼構,12.75,,5.76,1.51
2026Q2,2014,中鴻,,,,1.99
2026Q2,2015,豐興,15.12,,5.10,1.71
2026Q2,2017,官田鋼,,,,0.59
2026Q2,2020,美亞,10.53,,8.26,1.37
2026Q2,2022,聚亨,,,,0.75
2026Q2,2023,燁輝,,,,0.81
2026Q2,2024,志聯,45.52,,,1.13
2026Q2,2025,千興,9.73,,,1.04
2026Q2,2027,大成鋼,9.73,,3.04,1.45
2026Q2,2028,威致,36.40,,1.28,1.06
2026Q2,2029,盛餘,17.75,,2.82,0.67
2026Q2,2030,彰源,12.14,,2.10,1.23
2026Q2,2031,新光鋼,6.94,,5.57,1.20
2026Q2,2032,新鋼,11.68,,2.93,1.23
2026Q2,2033,佳大,74.85,,,1.92
2026Q2,2034,允強,49.88,,4.77,1.23
2026Q2,2038,海光,,,,0.63
2026Q2,2049,上銀,53.03,,0.57,3.16
2026Q2,2059,川湖,69.02,,0.41,35.35
2026Q2,2062,橋椿,68.93,,5.18,0.50
2026Q2,2069,運錩,8.75,,4.46,0.85
2026Q2,2072,世紀風電,8.87,,5.40,1.04
2026Q2,2101,南港,5.34,,2.28,1.47
2026Q2,2102,泰豐,2.08,,,0.85
2026Q2,2103,台橡,10.34,,1.05,0.96
2026Q2,2104,國際中橡,,,,0.43
2026Q2,2105,正新,16.81,,5.88,1.14
2026Q2,2106,建大,36.06,,3.83,0.82
2026Q2,2107,厚生,14.15,,5.23,0.54
2026Q2,2108,南帝,16.38,,3.43,0.97
2026Q2,2109,華豐,10.83,,6.69,1.18
2026Q2,2114,鑫永銓,14.32,,5.57,2.32
2026Q2,2115,六暉-KY,15.06,,6.30,0.76
2026Q2,2201,裕隆,34.21,,1.84,0.50
2026Q2,2204,中華,8.68,,6.75,0.77
2026Q2,2206,三陽工業,10.67,,4.80,1.87
2026Q2,2207,和泰車,13.16,,3.74,3.48
2026Q2,2208,台船,38.37,,,3.15
2026Q2,2211,長榮鋼,11.27,,7.81,1.25
2026Q2,2227,裕日車,,,1.75,0.81
2026Q2,2228,劍麟,18.60,,5.96,1.22
2026Q2,2231,為升,,,0.56,3.58
2026Q2,2233,宇隆,23.71,,2.48,2.35
2026Q2,2236,百達-KY,,,0.53,3.18
2026Q2,2237,華德動能-創,9.01,,,2.27
2026Q2,2239,英利-KY,,,,0.20
2026Q2,2241,艾姆勒,,,,2.73
2026Q2,2243,宏旭-KY,43.29,,,3.28
2026Q2,2247,汎德永業,16.81,,6.22,1.48
2026Q2,2248,華勝-KY,8.34,,5.16,1.63
2026Q2,2250,IKKA-KY,21.61,,5.32,1.02
2026Q2,2254,巨鎧精密-創,,,,4.16
2026Q2,2258,鴻華先進-創,,,,4.89
2026Q2,2301,光寶科,34.04,,1.72,6.89
2026Q2,2302,麗正,39.07,,0.84,3.78
2026Q2,2303,聯電,20.60,,1.91,3.87
2026Q2,2305,全友,40.49,,,2.76
2026Q2,2308,台達電,57.45,,0.64,15.96
2026Q2,2312,金寶,26.30,,1.92,1.94
2026Q2,2313,華通,37.20,,1.21,5.67
2026Q2,2314,台揚,,,,40.56
2026Q2,2316,楠梓電,11.04,,1.27,1.99
2026Q2,2317,鴻海,16.58,,2.85,1.85
2026Q2,2321,東訊,345.00,,,2.21
2026Q2,2323,中環,3.53,,1.87,0.58
2026Q2,2324,仁寶,19.62,,2.82,1.20
2026Q2,2327,國巨*,38.18,,1.06,6.59
2026Q2,2328,廣宇,106.98,,1.96,1.63
2026Q2,2329,華泰,19.06,,2.34,1.71
2026Q2,2330,台積電,28.63,,0.89,9.96
2026Q2,2331,精英,18.81,,,0.98
2026Q2,2332,友訊,,,,1.36
2026Q2,2337,旺宏,29.86,,,4.03
2026Q2,2338,光罩,,,,2.01
2026Q2,2340,台亞,,,,2.23
2026Q2,2342,茂矽,,,,2.66
2026Q2,2344,華邦電,20.73,,0.27,5.13
2026Q2,2345,智邦,30.71,,0.77,15.83
2026Q2,2347,聯強,12.16,,4.72,1.71
2026Q2,2348,海悅,17.16,,7.65,1.69
2026Q2,2349,錸德,,,,1.32
2026Q2,2351,順德,58.18,,0.45,5.39
2026Q2,2352,佳世達,37.21,,3.49,1.14
2026Q2,2353,宏碁,18.48,,4.19,1.21
2026Q2,2354,鴻準,27.33,,2.33,0.80
2026Q2,2355,敬鵬,22.05,,2.39,0.95
2026Q2,2356,英業達,20.65,,3.13,2.96
2026Q2,2357,華碩,14.15,,4.34,2.39
2026Q2,2359,所羅門,20.19,,0.74,3.63
2026Q2,2360,致茂,57.78,,0.86,29.08
2026Q2,2362,藍天,7.82,,4.21,0.59
2026Q2,2363,矽統,95.93,,1.18,0.54
2026Q2,2364,倫飛,11.10,,4.57,3.84
2026Q2,2365,昆盈,51.73,,1.05,2.05
2026Q2,2367,燿華,,,0.48,2.38
2026Q2,2368,金像電,38.59,,0.91,13.19
2026Q2,2369,菱生,,,,2.30
2026Q2,2371,大同,,,,1.18
2026Q2,2373,震旦行,14.28,,6.93,1.62
2026Q2,2374,佳能,20.80,,2.95,2.55
2026Q2,2375,凱美,29.57,,0.98,1.26
2026Q2,2376,技嘉,13.36,,3.36,3.60
2026Q2,2377,微星,13.23,,2.75,2.22
2026Q2,2379,瑞昱,25.09,,3.61,7.07
2026Q2,2380,虹光,,,,1.80
2026Q2,2382,廣達,14.29,,4.76,5.19
2026Q2,2383,台光電,83.50,,0.47,32.80
2026Q2,2385,群光,11.84,,6.82,1.72
2026Q2,2387,精元,12.16,,11.03,0.67
2026Q2,2388,威盛,47.56,,0.07,1.90
2026Q2,2390,云辰,,,,0.82
2026Q2,2392,正崴,5.52,,2.34,0.70
2026Q2,2393,億光,13.35,,7.19,1.44
2026Q2,2395,研華,41.61,,1.70,10.32
2026Q2,2397,友通,21.90,,4.10,2.03
2026Q2,2399,映泰,11.50,,,2.87
2026Q2,2401,凌陽,248.50,,,1.73
2026Q2,2402,毅嘉,32.69,,3.66,2.31
2026Q2,2404,漢唐,15.91,,3.79,11.12
2026Q2,2405,輔信,,,0.67,1.49
2026Q2,2406,國碩,149.44,,,2.54
2026Q2,2408,南亞科,20.61,,0.25,5.68
2026Q2,2409,友達,123.33,,1.35,1.45
2026Q2,2412,中華電,27.31,,3.74,2.94
2026Q2,2413,環科,12.25,,1.09,2.59
2026Q2,2414,精技,12.58,,5.80,2.65
2026Q2,2415,錩新,17.77,,5.70,1.45
2026Q2,2417,圓剛,27.55,,0.65,1.77
2026Q2,2419,仲琦,667.50,,,1.78
2026Q2,2420,新巨,12.01,,5.59,2.11
2026Q2,2421,建準,18.06,,3.12,4.57
2026Q2,2423,固緯,17.51,,3.38,3.59
2026Q2,2424,隴華,,,,1.88
2026Q2,2425,承啟,20.90,,0.27,1.43
2026Q2,2426,鼎元,975.00,,0.10,7.64
2026Q2,2427,三商電,15.53,,3.17,1.25
2026Q2,2428,興勤,18.02,,2.33,2.75
2026Q2,2429,銘旺科,,,,3.66
2026Q2,2430,燦坤,36.53,,4.47,0.48
2026Q2,2431,聯昌,,,,1.02
2026Q2,2432,倚天酷碁-創,12.73,,6.07,1.49
2026Q2,2433,互盛電,13.79,,6.51,1.84
2026Q2,2434,統懋,,,,5.09
2026Q2,2436,偉詮電,12.33,,2.92,2.82
2026Q2,2438,翔耀,,,,3.58
2026Q2,2439,美律,13.89,,5.36,1.13
2026Q2,2440,太空梭,101.79,,,1.10
2026Q2,2441,超豐,21.20,,2.63,2.37
2026Q2,2442,新美齊,3.14,,17.18,0.75
2026Q2,2444,兆勁,,,,1.76
2026Q2,2449,京元電子,35.19,,0.56,5.24
2026Q2,2450,神腦,17.38,,5.51,1.17
2026Q2,2451,創見,4.98,,4.12,3.21
2026Q2,2453,凌群,16.39,,5.41,2.44
2026Q2,2454,聯發科,77.79,,1.14,17.72
2026Q2,2455,全新,126.23,,0.51,26.08
2026Q2,2457,飛宏,,,,1.08
2026Q2,2458,義隆,12.13,,5.42,3.33
2026Q2,2459,敦吉,11.82,,6.35,1.17
2026Q2,2460,建通,,,,2.92
2026Q2,2461,光群雷,41.82,,,1.00
2026Q2,2462,良得電,31.48,,1.04,0.88
2026Q2,2464,盟立,511.84,,0.24,7.39
2026Q2,2465,麗臺,35.76,,,6.68
2026Q2,2466,冠西電,62.80,,,8.83
2026Q2,2467,志聖,60.88,,0.90,6.08
2026Q2,2468,華經,23.90,,3.08,1.82
2026Q2,2471,資通,10.21,,6.70,2.70
2026Q2,2472,立隆電,21.95,,1.62,3.72
2026Q2,2474,可成,13.64,,5.01,0.80
2026Q2,2476,鉅祥,19.43,,2.49,2.87
2026Q2,2477,美隆電,24.55,,6.48,0.84
2026Q2,2478,大毅,24.90,,1.65,2.37
2026Q2,2480,敦陽科,17.75,,5.02,5.05
2026Q2,2481,強茂,40.45,,1.18,3.87
2026Q2,2482,連宇,,,0.63,1.12
2026Q2,2483,百容,127.60,,0.94,1.26
2026Q2,2484,希華,49.64,,1.01,2.68
2026Q2,2485,兆赫,45.34,,,2.37
2026Q2,2486,一詮,211.64,,0.20,9.55
2026Q2,2488,漢平,9.93,,6.20,1.39
2026Q2,2489,瑞軒,28.17,,3.07,1.81
2026Q2,2491,吉祥全,1.27,,,0.82
2026Q2,2492,華新科,35.79,,0.78,2.33
2026Q2,2493,揚博,34.32,,2.23,7.38
2026Q2,2495,普安,17.76,,2.22,2.17
2026Q2,2496,卓越,9.15,,9.07,1.26
2026Q2,2497,怡利電,13.76,,4.56,1.96
2026Q2,2498,宏達電,15.52,,1.24,1.28
2026Q2,2501,國建,7.80,,5.36,0.81
2026Q2,2504,國產,9.91,,8.23,1.44
2026Q2,2505,國揚,8.71,,5.80,0.61
2026Q2,2506,太設,23.83,,2.33,0.39
2026Q2,2509,全坤建,,,,0.87
2026Q2,2511,太子,24.20,,3.54,0.53
2026Q2,2514,龍邦,29.74,,,0.34
2026Q2,2515,中工,24.79,,4.20,0.82
2026Q2,2516,新建,9.40,,,1.44
2026Q2,2520,冠德,10.95,,4.40,0.91
2026Q2,2524,京城,43.54,,,0.61
2026Q2,2527,宏璟,7.62,,3.46,0.31
2026Q2,2528,皇普,8.19,,14.89,1.17
2026Q2,2530,華建,30.08,,11.64,1.67
2026Q2,2534,宏盛,338.00,,8.88,0.56
2026Q2,2535,達欣工,8.73,,5.16,2.14
2026Q2,2536,宏普,4.54,,10.61,0.49
2026Q2,2537,聯上發,28.50,,,0.75
2026Q2,2538,基泰,14.78,,5.64,0.72
2026Q2,2539,櫻花建,8.37,,7.94,2.10
2026Q2,2540,愛山林,,,12.45,4.23
2026Q2,2542,興富發,11.04,,8.39,2.04
2026Q2,2543,皇昌,13.51,,3.92,2.15
2026Q2,2545,皇翔,36.63,,8.05,0.90
2026Q2,2546,根基,7.02,,5.71,2.09
2026Q2,2547,日勝生,83.00,,8.03,0.77
2026Q2,2548,華固,7.65,,8.99,1.45
2026Q2,2597,潤弘,14.67,,5.65,7.14
2026Q2,2601,益航,,,,0.76
2026Q2,2603,長榮,9.08,,6.99,0.88
2026Q2,2605,新興,7.45,,2.74,1.11
2026Q2,2606,裕民,11.47,,3.60,1.63
2026Q2,2607,榮運,10.62,,5.08,0.91
2026Q2,2608,嘉里大榮,14.79,,5.81,1.09
2026Q2,2609,陽明,12.91,,3.49,0.61
2026Q2,2610,華航,9.54,,3.93,1.26
2026Q2,2611,志信,7.91,,3.71,0.95
2026Q2,2612,中航,12.43,,3.44,0.91
2026Q2,2613,中櫃,17.22,,4.37,0.97
2026Q2,2614,東森,8.85,,6.61,1.33
2026Q2,2615,萬海,7.69,,2.68,1.09
2026Q2,2616,山隆,,,2.25,0.73
2026Q2,2617,台航,8.70,,4.64,0.75
2026Q2,2618,長榮航,8.94,,4.71,1.65
2026Q2,2630,亞航,85.96,,1.84,3.03
2026Q2,2633,台灣高鐵,21.39,,4.41,2.10
2026Q2,2634,漢翔,31.84,,1.18,3.38
2026Q2,2636,台驊控股,9.76,,7.28,0.98
2026Q2,2637,慧洋-KY,10.91,,3.57,1.48
2026Q2,2642,宅配通,,,2.48,1.06
2026Q2,2645,長榮航太,22.00,,2.90,4.82
2026Q2,2646,星宇航空,,,,2.02
2026Q2,2701,萬企,17.54,,2.71,0.55
2026Q2,2702,華園,15.68,,,0.60
2026Q2,2704,國賓,17.12,,1.10,0.51
2026Q2,2705,六福,21.08,,,0.60
2026Q2,2706,第一店,17.94,,2.87,0.59
2026Q2,2707,晶華,12.33,,6.04,5.83
2026Q2,2712,遠雄來,,,,1.50
2026Q2,2722,夏都,,,,1.24
2026Q2,2723,美食-KY,,,,1.37
2026Q2,2727,王品,12.78,,7.01,4.48
2026Q2,2731,雄獅,8.80,,8.95,2.99
2026Q2,2739,寒舍,9.35,,6.84,2.11
2026Q2,2748,雲品,15.51,,4.44,1.41
2026Q2,2753,八方雲集,12.76,,6.70,3.16
2026Q2,2762,世界健身-KY,12.43,,7.27,3.33
2026Q2,2801,彰銀,16.03,,3.85,1.40
2026Q2,2812,台中銀,11.55,,5.46,1.22
2026Q2,2816,旺旺保,3.40,,3.83,0.91
2026Q2,2820,華票,10.06,,5.29,0.82
2026Q2,2832,台產,9.65,,6.03,1.22
2026Q2,2834,臺企銀,13.01,,5.65,1.11
2026Q2,2836,高雄銀,16.12,,3.67,0.82
2026Q2,2838,聯邦銀,13.65,,4.98,1.11
2026Q2,2845,遠東銀,13.56,,4.60,0.93
2026Q2,2849,安泰銀,16.70,,3.15,0.88
2026Q2,2850,新產,10.25,,4.62,2.26
2026Q2,2851,中再保,4.32,,4.82,1.39
2026Q2,2852,第一保,8.60,,5.92,0.91
2026Q2,2855,統一證,5.42,,4.04,1.74
2026Q2,2880,華南金,19.55,,3.21,2.60
2026Q2,2881,富邦金,13.93,,2.85,1.83
2026Q2,2882,國泰金,13.38,,3.08,1.64
2026Q2,2883,凱基金,13.04,,2.68,1.48
2026Q2,2884,玉山金,18.90,,3.07,2.62
2026Q2,2885,元大金,16.53,,3.12,2.46
2026Q2,2886,兆豐金,19.69,,3.46,1.87
2026Q2,2887,台新新光金,15.85,,2.57,1.58
2026Q2,2889,國票金,13.61,,3.55,1.27
2026Q2,2890,永豐金,16.40,,2.99,2.38
2026Q2,2891,中信金,16.32,,3.67,1.95
2026Q2,2892,第一金,17.69,,3.43,1.80
2026Q2,2897,王道銀行,13.69,,4.75,0.73
2026Q2,2901,欣欣,53.98,,1.56,1.99
2026Q2,2903,遠百,15.07,,5.57,1.05
2026Q2,2904,匯僑,24.42,,5.51,0.79
2026Q2,2905,三商,6.73,,1.64,0.43
2026Q2,2906,高林,16.57,,4.36,0.84
2026Q2,2908,特力,18.09,,2.47,1.56
2026Q2,2910,統領,13.14,,4.32,1.52
2026Q2,2911,麗嬰房,1.62,,,0.50
2026Q2,2912,統一超,19.55,,4.15,5.51
2026Q2,2913,農林,,,,0.70
2026Q2,2915,潤泰全,4.13,,3.31,0.37
2026Q2,2923,鼎固-KY,,,0.45,1.00
2026Q2,2929,淘帝-KY,,,,0.23
2026Q2,2939,永邑-KY,,,,1.69
2026Q2,2945,三商家購,21.77,,3.75,1.40
2026Q2,3002,歐格,173.50,,1.90,1.38
2026Q2,3003,健和興,23.67,,1.70,1.39
2026Q2,3004,豐達科,18.82,,2.11,2.06
2026Q2,3005,神基,13.36,,6.04,2.76
2026Q2,3006,晶豪科,9.41,,0.34,4.47
2026Q2,3008,大立光,34.57,,1.23,4.44
2026Q2,3010,華立,11.35,,4.17,1.20
2026Q2,3011,今皓,,,,0.97
2026Q2,3013,晟銘電,16.05,,0.95,3.13
2026Q2,3014,聯陽,13.13,,6.54,2.94
2026Q2,3015,全漢,20.63,,4.20,0.65
2026Q2,3016,嘉晶,84.58,,0.49,5.66
2026Q2,3017,奇鋐,43.79,,0.64,23.37
2026Q2,3018,隆銘綠能,,,,2.12
2026Q2,3019,亞光,23.36,,3.32,2.60
2026Q2,3021,鴻名,33.03,,2.39,1.49
2026Q2,3022,威強電,11.47,,4.05,1.34
2026Q2,3023,信邦,24.16,,3.10,4.77
2026Q2,3024,憶聲,345.00,,1.59,1.27
2026Q2,3025,星通,10.72,,6.35,3.68
2026Q2,3026,禾伸堂,72.88,,0.78,11.99
2026Q2,3027,盛達,,,,1.09
2026Q2,3028,增你強,8.68,,4.82,2.04
2026Q2,3029,零壹,15.91,,4.93,3.52
2026Q2,3030,德律,20.45,,2.59,6.55
2026Q2,3031,佰鴻,26.15,,4.20,1.43
2026Q2,3032,偉訓,,,,3.05
2026Q2,3033,威健,9.52,,4.43,1.78
2026Q2,3034,聯詠,18.63,,4.31,4.71
2026Q2,3035,智原,68.90,,1.03,2.66
2026Q2,3036,文曄,9.73,,4.12,1.93
2026Q2,3037,欣興,63.52,,0.21,12.25
2026Q2,3038,全台,13.25,,6.00,1.13
2026Q2,3040,遠見,,,9.78,1.62
2026Q2,3041,揚智,,,,2.25
2026Q2,3042,晶技,29.71,,2.79,3.71
2026Q2,3043,科風,,,,1.10
2026Q2,3044,健鼎,20.74,,2.62,4.57
2026Q2,3045,台灣大,22.31,,4.02,4.27
2026Q2,3046,建碁,11.13,,5.56,2.54
2026Q2,3047,訊舟,,,,1.20
2026Q2,3048,益登,11.04,,1.92,1.90
2026Q2,3049,精金,37.88,,,1.22
2026Q2,3050,鈺德,21.32,,2.21,0.72
2026Q2,3051,力特,12.01,,2.35,1.36
2026Q2,3052,夆典,9.38,,5.71,0.61
2026Q2,3054,立萬利,11.73,,1.40,2.99
2026Q2,3055,蔚華科,,,0.34,10.15
2026Q2,3056,富華新,,,4.44,0.79
2026Q2,3057,喬鼎,,,,1.81
2026Q2,3058,立德,,,,1.03
2026Q2,3059,華晶科,30.56,,2.60,1.16
2026Q2,3060,銘異,38.73,,0.77,1.30
2026Q2,3062,建漢,,,,1.66
2026Q2,3090,日電貿,22.19,,2.87,2.59
2026Q2,3092,鴻碩,,,,2.04
2026Q2,3094,聯傑,66.53,,0.61,3.30
2026Q2,3130,一零四,12.64,,7.00,4.45
2026Q2,3135,凌航,7.38,,2.19,3.56
2026Q2,3138,耀登,36.19,,1.70,1.87
2026Q2,3149,正達,,,,5.75
2026Q2,3150,鈺寶-創,,,3.11,1.21
2026Q2,3164,景岳,19.69,,5.08,1.03
2026Q2,3167,大量,65.78,,0.42,19.55
2026Q2,3168,眾福科,15.05,,6.90,1.95
2026Q2,3189,景碩,148.42,,0.19,9.48
2026Q2,3209,全科,7.57,,5.51,1.89
2026Q2,3229,晟鈦,41.50,,,5.20
2026Q2,3231,緯創,14.81,,2.95,3.06
2026Q2,3257,虹冠電,18.89,,5.86,2.37
2026Q2,3266,昇陽,29.17,,3.57,0.80
2026Q2,3296,勝德,,,,1.82
2026Q2,3305,昇貿,18.75,,2.20,2.40
2026Q2,3308,聯德,13.77,,,1.13
2026Q2,3311,閎暉,17.43,,1.90,0.86
2026Q2,3312,弘憶股,13.05,,2.59,2.28
2026Q2,3321,同泰,,,,2.21
2026Q2,3338,泰碩,58.29,,1.91,3.02
2026Q2,3346,麗清,,,0.60,0.62
2026Q2,3356,奇偶,4.25,,5.87,1.69
2026Q2,3376,新日興,140.34,,1.97,2.41
2026Q2,3380,明泰,213.57,,1.67,1.77
2026Q2,3406,玉晶光,27.33,,1.68,4.21
2026Q2,3413,京鼎,14.02,,3.90,1.89
2026Q2,3416,融程電,18.64,,3.18,3.62
2026Q2,3419,譁裕,,,,1.52
2026Q2,3432,台端,,,,2.02
2026Q2,3437,榮創,,,,1.17
2026Q2,3443,創意,152.78,,0.34,59.32
2026Q2,3447,展達,14.41,,3.91,1.75
2026Q2,3450,聯鈞,106.90,,0.19,13.75
2026Q2,3481,群創,62.56,,2.05,1.73
2026Q2,3494,誠研,,,,1.28
2026Q2,3501,維熹,22.86,,5.06,0.67
2026Q2,3504,揚明光,,,,3.33
2026Q2,3515,華擎,14.31,,4.97,2.35
2026Q2,3518,柏騰,13.79,,,1.75
2026Q2,3528,安馳,8.94,,1.70,2.38
2026Q2,3530,晶相光,18.32,,1.41,1.78
2026Q2,3532,台勝科,306.15,,0.25,6.35
2026Q2,3533,嘉澤,19.75,,2.16,4.45
2026Q2,3535,晶彩科,51.56,,,6.27
2026Q2,3543,州巧,,,1.38,1.54
2026Q2,3545,敦泰,,,1.59,1.25
2026Q2,3550,聯穎,188.75,,,1.39
2026Q2,3557,嘉威,,,1.22,0.81
2026Q2,3563,牧德,40.79,,2.01,8.01
2026Q2,3576,聯合再生,31.30,,,2.13
2026Q2,3583,辛耘,45.40,,0.78,6.09
2026Q2,3588,通嘉,44.03,,0.95,1.79
2026Q2,3591,艾笛森,,,,1.14
2026Q2,3592,瑞鼎,12.83,,6.68,1.46
2026Q2,3593,力銘,,,,3.04
2026Q2,3596,智易,11.96,,5.79,2.08
2026Q2,3605,宏致,32.63,,1.27,2.43
2026Q2,3607,谷崧,28.83,,5.90,0.96
2026Q2,3617,碩天,11.74,,4.06,2.35
2026Q2,3622,洋華,9.73,,6.45,0.95
2026Q2,3645,達邁,28.46,,1.63,3.01
2026Q2,3652,精聯,15.53,,3.75,1.24
2026Q2,3653,健策,125.25,,0.39,34.54
2026Q2,3661,世芯-KY,59.11,,0.81,5.76
2026Q2,3665,貿聯-KY,35.53,,0.78,7.62
2026Q2,3669,圓展,11.10,,3.05,0.87
2026Q2,3673,TPK-KY,13.95,,2.82,0.64
2026Q2,3679,新至陞,9.09,,8.37,1.40
2026Q2,3686,達能,,,,1.65
2026Q2,3694,海華,12.51,,4.66,2.09
2026Q2,3701,大眾控,,,0.49,2.03
2026Q2,3702,大聯大,8.95,,3.48,1.88
2026Q2,3703,欣陸,10.08,,5.29,0.60
2026Q2,3704,合勤控,11.65,,1.03,1.31
2026Q2,3705,永信,16.65,,5.35,1.92
2026Q2,3706,神達,16.30,,4.38,1.59
2026Q2,3708,上緯投控,2.41,,6.53,0.41
2026Q2,3711,日月光投控,44.72,,1.06,6.98
2026Q2,3712,永崴投控,,,,1.16
2026Q2,3714,富采,,,1.39,1.10
2026Q2,3715,定穎投控,,,0.85,3.43
2026Q2,3716,中化控股,9.71,,2.94,0.65
2026Q2,3717,聯嘉投控,267.50,,0.93,1.26
2026Q2,4104,佳醫,14.97,,6.05,1.36
2026Q2,4106,雃博,13.32,,4.08,0.98
2026Q2,4108,懷特,,,,1.15
2026Q2,4119,旭富,107.60,,1.39,1.21
2026Q2,4133,亞諾法,27.43,,0.54,0.97
2026Q2,4137,麗豐-KY,11.42,,12.97,1.29
2026Q2,4142,國光生,,,,1.60
2026Q2,4148,全宇生技-KY,11.27,,3.22,0.75
2026Q2,4155,訊映,8.23,,2.12,0.79
2026Q2,4164,承業醫,22.05,,4.30,0.67
2026Q2,4169,泰宗,,,0.21,5.06
2026Q2,4178,永笙-KY,,,,1.77
2026Q2,4190,佐登-KY,,,1.92,0.96
2026Q2,4195,基米-創,,,,1.66
2026Q2,4306,炎洲,16.59,,4.64,0.71
2026Q2,4414,如興,54.40,,1.35,0.56
2026Q2,4426,利勤,,,,0.75
2026Q2,4438,廣越,8.46,,3.99,0.75
2026Q2,4439,冠星-KY,10.25,,4.21,1.05
2026Q2,4440,宜新實業,8.98,,5.68,0.89
2026Q2,4441,振大環球,9.70,,6.17,1.74
2026Q2,4526,東台,,,3.11,1.62
2026Q2,4532,瑞智,12.57,,6.32,1.09
2026Q2,4536,拓凱,12.26,,4.92,1.56
2026Q2,4540,全球傳動,,,,1.90
2026Q2,4545,銘鈺,36.80,,0.41,1.25
2026Q2,4551,智伸科,17.10,,2.58,2.03
2026Q2,4552,力達-KY,14.08,,3.74,0.29
2026Q2,4555,氣立,42.52,,1.16,1.02
2026Q2,4557,永新-KY,,,4.03,0.94
2026Q2,4560,強信-KY,9.85,,6.86,0.97
2026Q2,4562,穎漢,,,,2.89
2026Q2,4564,元翎,,,,0.93
2026Q2,4566,時碩工業,24.88,,1.08,1.37
2026Q2,4569,六方科-KY,19.12,,1.90,1.89
2026Q2,4571,鈞興-KY,17.32,,3.40,2.47
2026Q2,4572,駐龍,38.45,,3.53,2.98
2026Q2,4576,大銀微系統,71.80,,0.34,6.57
2026Q2,4581,光隆精密-KY,11.78,,6.26,1.31
2026Q2,4582,聚恆-創,10.04,,3.43,1.16
2026Q2,4583,台灣精銳,34.37,,2.16,3.74
2026Q2,4585,達明,106.83,,0.34,4.45
2026Q2,4588,玖鼎電力,14.24,,5.84,2.57
2026Q2,4590,富田-創,16.78,,2.58,1.37
2026Q2,4720,德淵,33.04,,2.16,1.30
2026Q2,4722,國精化,70.70,,0.61,5.73
2026Q2,4736,泰博,4.57,,4.07,1.06
2026Q2,4737,華廣,,,,2.17
2026Q2,4739,康普,15.91,,1.22,1.58
2026Q2,4746,台耀,11.50,,6.59,0.74
2026Q2,4755,三福化,25.05,,3.22,1.70
2026Q2,4763,材料*-KY,11.79,,6.21,2.49
2026Q2,4764,雙鍵,70.48,,0.46,7.32
2026Q2,4766,南寶,14.76,,5.20,2.94
2026Q2,4770,上品,22.33,,2.56,2.23
2026Q2,4771,望隼,13.94,,3.30,3.00
2026Q2,4807,日成-KY,11.04,,,1.38
2026Q2,4904,遠傳,25.30,,3.66,4.36
2026Q2,4906,正文,300.83,,1.30,1.45
2026Q2,4912,聯德控股-KY,33.17,,0.93,1.61
2026Q2,4915,致伸,12.22,,7.55,1.40
2026Q2,4916,事欣科,14.59,,0.52,3.27
2026Q2,4919,新唐,,,,3.19
2026Q2,4927,泰鼎-KY,,,,2.71
2026Q2,4930,燦星網,,,3.70,0.41
2026Q2,4934,太極,,,,1.81
2026Q2,4935,茂林-KY,24.89,,3.02,0.54
2026Q2,4938,和碩,15.46,,4.37,1.19
2026Q2,4942,嘉彰,11.29,,6.11,0.50
2026Q2,4943,康控-KY,,,,21.21
2026Q2,4949,有成精密,20.08,,1.83,2.94
2026Q2,4952,凌通,27.30,,2.06,2.39
2026Q2,4956,光鋐,72.55,,,2.02
2026Q2,4958,臻鼎-KY,59.76,,0.68,3.63
2026Q2,4960,誠美材,,,,1.65
2026Q2,4961,天鈺,19.94,,4.35,1.23
2026Q2,4967,十銓,4.17,,3.07,2.14
2026Q2,4968,立積,24.05,,1.80,3.04
2026Q2,4976,佳凌,,,,2.54
2026Q2,4977,眾達-KY,51.95,,1.26,3.33
2026Q2,4989,榮科,,,,5.55
2026Q2,4994,傳奇,57.68,,3.66,6.26
2026Q2,4999,鑫禾,,,1.39,0.42
2026Q2,5007,三星,15.99,,5.30,2.44
2026Q2,5203,訊連,12.63,,6.52,1.00
2026Q2,5215,科嘉-KY,9.77,,5.21,0.68
2026Q2,5222,全訊,54.45,,2.40,3.24
2026Q2,5225,東科-KY,8.24,,13.18,1.36
2026Q2,5234,達興材料,35.32,,2.20,9.17
2026Q2,5236,凌陽創新,13.10,,6.69,3.26
2026Q2,5243,乙盛-KY,17.48,,2.40,1.78
2026Q2,5244,弘凱,,,1.16,1.34
2026Q2,5258,虹堡,10.02,,2.26,1.09
2026Q2,5269,祥碩,14.93,,3.24,2.89
2026Q2,5283,禾聯碩,8.31,,3.70,0.94
2026Q2,5284,jpp-KY,19.60,,1.62,4.38
2026Q2,5285,界霖,27.80,,1.75,2.84
2026Q2,5288,豐祥-KY,12.40,,3.49,2.04
2026Q2,5292,華懋,21.03,,2.99,4.79
2026Q2,5306,桂盟,13.13,,4.05,1.23
2026Q2,5388,中磊,16.44,,3.40,1.36
2026Q2,5434,崇越,19.91,,2.52,4.70
2026Q2,5469,瀚宇博,13.17,,3.54,0.56
2026Q2,5471,松翰,33.13,,1.45,2.56
2026Q2,5484,慧友,32.07,,,5.24
2026Q2,5515,建國,5.28,,6.33,1.80
2026Q2,5519,隆大,5.38,,14.18,1.04
2026Q2,5521,工信,11.11,,1.42,0.89
2026Q2,5522,遠雄,6.34,,8.65,1.04
2026Q2,5525,順天,5.72,,5.41,1.15
2026Q2,5531,鄉林,65.82,,,0.72
2026Q2,5533,皇鼎,23.56,,4.32,0.42
2026Q2,5534,長虹,13.41,,6.67,1.13
2026Q2,5538,東明-KY,8.46,,4.08,0.93
2026Q2,5546,永固-KY,,,6.85,0.66
2026Q2,5607,遠雄港,15.04,,3.28,1.82
2026Q2,5608,四維航,172.50,,,0.69
2026Q2,5706,鳳凰,11.53,,10.12,2.20
2026Q2,5871,中租-KY,10.63,,5.22,1.15
2026Q2,5876,上海商銀,13.77,,3.69,1.10
2026Q2,5880,合庫金,17.55,,3.91,1.45
2026Q2,5906,台南-KY,760.00,,1.84,2.60
2026Q2,5907,大洋-KY,,,,0.26
2026Q2,6005,群益證,6.07,,5.24,1.36
2026Q2,6024,群益期,8.43,,5.67,1.42
2026Q2,6108,競國,111.25,,4.49,1.06
2026Q2,6112,邁達特,13.75,,3.70,1.94
2026Q2,6115,鎰勝,12.89,,6.35,1.62
2026Q2,6116,彩晶,,,,1.10
2026Q2,6117,迎廣,13.26,,3.19,2.61
2026Q2,6120,達運,8.97,,2.05,0.74
2026Q2,6128,上福,,,2.57,0.88
2026Q2,6133,金橋,22.07,,4.08,1.88
2026Q2,6136,富爾特,33.31,,4.71,0.63
2026Q2,6139,亞翔,14.95,,3.10,8.45
2026Q2,6141,柏承,,,,9.34
2026Q2,6142,友勁,,,,1.00
2026Q2,6152,百一,,,,1.70
2026Q2,6153,嘉聯益,,,,1.29
2026Q2,6155,鈞寶,31.33,,1.42,3.04
2026Q2,6164,華興,44.42,,,0.97
2026Q2,6165,浪凡,12.11,,10.50,2.70
2026Q2,6166,凌華,21.85,,1.05,4.04
2026Q2,6168,宏齊,89.22,,,1.64
2026Q2,6176,瑞儀,11.26,,3.84,1.16
2026Q2,6177,達麗,5.26,,6.28,1.88
2026Q2,6183,關貿,20.56,,3.84,5.16
2026Q2,6184,大豐電,17.20,,7.52,1.28
2026Q2,6189,豐藝,11.57,,5.76,2.04
2026Q2,6191,精成科,14.23,,3.18,1.11
2026Q2,6192,巨路,11.12,,5.04,1.47
2026Q2,6196,帆宣,22.78,,1.28,6.20
2026Q2,6197,佳必琪,25.40,,2.30,6.53
2026Q2,6201,亞弘電,13.91,,6.92,1.48
2026Q2,6202,盛群,47.42,,1.20,3.24
2026Q2,6205,詮欣,28.38,,2.32,1.99
2026Q2,6206,飛捷,14.81,,4.10,3.65
2026Q2,6209,今國光,33.55,,0.65,3.79
2026Q2,6213,聯茂,79.07,,0.59,8.21
2026Q2,6214,精誠,17.27,,3.24,2.74
2026Q2,6215,和椿,28.45,,1.05,4.72
2026Q2,6216,居易,53.65,,5.19,1.17
2026Q2,6224,聚鼎,70.50,,1.48,3.18
2026Q2,6225,天瀚,,,,20.10
2026Q2,6226,光鼎,,,,2.73
2026Q2,6230,尼得科超眾,,,,1.61
2026Q2,6235,華孚,23.85,,3.13,1.53
2026Q2,6239,力成,27.28,,1.63,3.56
2026Q2,6243,迅杰,,,,2.32
2026Q2,6257,矽格,24.44,,2.03,3.96
2026Q2,6269,台郡,,,,1.03
2026Q2,6271,同欣電,25.08,,1.35,1.71
2026Q2,6272,驊陞,16.07,,7.06,1.26
2026Q2,6277,宏正,18.86,,4.48,1.94
2026Q2,6278,台表科,19.10,,2.95,2.35
2026Q2,6281,全國電,13.78,,6.42,1.83
2026Q2,6282,康舒,35.45,,1.85,1.63
2026Q2,6283,淳安,,,,1.79
2026Q2,6285,啟碁,25.85,,1.82,3.19
2026Q2,6405,悅城,,,,0.77
2026Q2,6409,旭隼,37.12,,3.84,10.63
2026Q2,6412,群電,12.31,,4.95,1.94
2026Q2,6414,樺漢,15.61,,3.66,1.99
2026Q2,6415,矽力*-KY,41.62,,0.62,3.95
2026Q2,6416,瑞祺電通,19.68,,2.65,2.15
2026Q2,6426,統新,77.53,,0.16,11.84
2026Q2,6431,光麗-KY,,,,3.71
2026Q2,6438,迅得,26.43,,3.28,1.98
2026Q2,6442,光聖,50.15,,0.66,10.18
2026Q2,6443,元晶,,,,3.69
2026Q2,6446,藥華藥,68.81,,0.18,14.26
2026Q2,6449,鈺邦,25.06,,1.87,2.95
2026Q2,6451,訊芯-KY,399.08,,0.05,5.77
2026Q2,6456,GIS-KY,,,,0.76
2026Q2,6464,台數科,17.33,,2.22,1.20
2026Q2,6472,保瑞,34.01,,2.42,3.48
2026Q2,6477,安集,1140.00,,1.02,1.34
2026Q2,6491,晶碩,15.68,,2.66,2.50
2026Q2,6504,南六,23.94,,2.68,0.78
2026Q2,6505,台塑化,13.82,,1.51,1.56
2026Q2,6515,穎崴,126.06,,0.64,32.55
2026Q2,6525,捷敏-KY,18.15,,3.83,3.57
2026Q2,6526,達發,35.66,,2.10,5.71
2026Q2,6531,愛普*,53.69,,0.75,12.08
2026Q2,6533,晶心科,,,,3.03
2026Q2,6534,正瀚-創,15.35,,5.21,3.52
2026Q2,6541,泰福-KY,,,,1.70
2026Q2,6550,北極星藥業-KY,,,,2.00
2026Q2,6552,易華電,,,,0.74
2026Q2,6558,興能高,,,,1.66
2026Q2,6573,虹揚-KY,11.24,,,2.25
2026Q2,6579,研揚,20.15,,2.54,2.46
2026Q2,6581,鋼聯,15.13,,4.75,2.83
2026Q2,6582,申豐,84.08,,,0.49
2026Q2,6585,鼎基,14.30,,4.05,2.04
2026Q2,6589,台康生技,,,,1.82
2026Q2,6591,動力-KY,13.16,,9.50,0.80
2026Q2,6592,和潤企業,12.11,,5.47,1.15
2026Q2,6598,ABC-KY,,,,4.16
2026Q2,6605,帝寶,8.36,,4.80,1.12
2026Q2,6606,建德工業,17.83,,3.98,1.73
2026Q2,6614,資拓宏宇,17.84,,4.60,1.90
2026Q2,6625,必應,7.35,,6.59,2.33
2026Q2,6641,基士德-KY,21.11,,2.34,0.41
2026Q2,6645,金萬林-創,,,,1.76
2026Q2,6655,科定,25.26,,4.90,2.94
2026Q2,6657,華安,,,,4.12
2026Q2,6658,聯策,41.63,,0.70,4.38
2026Q2,6666,羅麗芬-KY,13.18,,4.45,1.17
2026Q2,6668,中揚光,,,,1.93
2026Q2,6669,緯穎,7.50,,7.02,3.19
2026Q2,6670,復盛應用,11.40,,5.73,2.50
2026Q2,6671,三能-KY,10.65,,5.19,0.79
2026Q2,6672,騰輝電子-KY,44.41,,1.14,4.99
2026Q2,6674,鋐寶科技,,,,1.42
2026Q2,6689,伊雲谷,27.85,,3.28,1.43
2026Q2,6691,洋基工程,18.40,,3.58,10.00
2026Q2,6695,芯鼎,,,,2.71
2026Q2,6698,旭暉應材,,,1.59,2.11
2026Q2,6706,惠特,,,,2.60
2026Q2,6715,嘉基,213.82,,0.60,6.00
2026Q2,6719,力智,20.66,,2.51,1.37
2026Q2,6722,輝創,15.96,,6.14,1.13
2026Q2,6742,澤米,,,,2.60
2026Q2,6743,安普新,26.13,,10.34,1.88
2026Q2,6753,龍德造船,12.83,,0.93,2.96
2026Q2,6754,匯僑設計,12.92,,8.19,1.30
2026Q2,6756,威鋒電子,55.22,,0.92,2.27
2026Q2,6757,台灣虎航,9.62,,4.37,3.23
2026Q2,6768,志強-KY,12.77,,8.10,0.87
2026Q2,6770,力積電,24.13,,,2.65
2026Q2,6771,平和環保-創,14.51,,7.66,1.57
2026Q2,6776,展碁國際,11.96,,5.73,1.73
2026Q2,6781,AES-KY,25.19,,1.79,5.14
2026Q2,6782,視陽,14.09,,3.61,3.30
2026Q2,6789,采鈺,88.36,,0.65,7.99
2026Q2,6790,永豐實,12.34,,6.97,1.82
2026Q2,6792,詠業,21.42,,4.15,1.78
2026Q2,6794,向榮生技,,,,5.83
2026Q2,6796,晉弘,157.78,,0.44,2.68
2026Q2,6799,來頡,15.17,,3.19,2.06
2026Q2,6805,富世達,46.10,,0.58,17.68
2026Q2,6807,峰源-KY,11.34,,7.50,0.72
2026Q2,6830,汎銓,2304.00,,0.17,9.23
2026Q2,6831,邁科,101.08,,0.54,13.77
2026Q2,6834,天二科技,42.91,,0.41,5.66
2026Q2,6835,圓裕,103.83,,3.24,1.16
2026Q2,6838,台新藥,,,,2.64
2026Q2,6854,錼創科技-KY創,,,,3.13
2026Q2,6861,睿生光電,30.17,,1.02,5.22
2026Q2,6862,三集瑞-KY,20.35,,3.62,2.38
2026Q2,6863,永道-KY,35.44,,1.49,1.21
2026Q2,6869,雲豹能源,,,3.12,1.88
2026Q2,6873,泓德能源,71.15,,3.72,0.97
2026Q2,6885,全福生技,,,,2.19
2026Q2,6887,寶綠特-KY,8.60,,6.41,0.93
2026Q2,6890,來億-KY,15.58,,5.54,1.74
2026Q2,6901,鑽石投資,4.45,,,1.06
2026Q2,6902,GOGOLOOK,26.40,,,5.54
2026Q2,6906,現觀科,34.13,,2.20,3.80
2026Q2,6908,宏碁遊戲-創,27.39,,4.08,0.87
2026Q2,6909,創控,30.04,,2.50,2.63
2026Q2,6914,阜爾運通,12.10,,6.64,2.21
2026Q2,6916,華凌,,,,1.21
2026Q2,6918,愛派司,14.22,,6.45,2.20
2026Q2,6919,康霈*,,,,13.78
2026Q2,6921,嘉雨思-創,,,,7.54
2026Q2,6923,中台,18.68,,3.97,2.76
2026Q2,6924,榮惠-KY創,15.08,,3.98,4.65
2026Q2,6928,攸泰科技,,,,2.05
2026Q2,6931,青松健康,10.78,,1.18,2.07
2026Q2,6933,AMAX-KY,39.39,,0.79,5.36
2026Q2,6934,心誠鎂,,,,5.24
2026Q2,6936,永鴻生技,14.77,,4.60,1.80
2026Q2,6937,天虹,63.47,,0.49,5.47
2026Q2,6944,兆聯實業,17.54,,2.83,6.40
2026Q2,6947,台鎔科技,34.52,,0.77,2.85
2026Q2,6949,沛爾生醫*-創,,,,30.82
2026Q2,6951,青新-創,11.47,,7.46,2.93
2026Q2,6952,大武山,30.83,,,1.80
2026Q2,6955,邦睿生技-創,22.97,,3.00,3.77
2026Q2,6957,裕慶-KY,18.57,,4.21,5.00
2026Q2,6958,日盛台駿,,,,0.73
2026Q2,6962,奕力-KY,21.40,,3.20,0.77
2026Q2,6965,中傑-KY,126.95,,6.68,1.03
2026Q2,6969,成信實業*-創,410.56,,,3.34
2026Q2,6988,威力暘-創,,,,0.78
2026Q2,6994,富威電力,6.45,,8.52,1.10
2026Q2,7610,聯友金屬-創,59.27,,0.12,32.20
2026Q2,7631,聚賢研發-創,13.45,,2.63,3.10
2026Q2,7689,大鵬科CLMX,13.88,,3.33,5.20
2026Q2,7705,三商餐飲,12.26,,5.37,1.31
2026Q2,7711,永擎,26.14,,1.51,7.84
2026Q2,7721,微程式,66.70,,1.65,2.61
2026Q2,7722,LINEPAY,32.44,,0.73,1.68
2026Q2,7730,暉盛-創,96.91,,0.87,6.50
2026Q2,7732,金興精密,18.16,,4.35,1.24
2026Q2,7736,虎山,12.53,,5.48,1.50
2026Q2,7740,熙特爾-創,16.00,,2.58,4.60
2026Q2,7749,意騰-KY,24.55,,2.54,4.46
2026Q2,7750,新代,39.79,,0.69,12.35
2026Q2,7760,享溫馨,49.25,,6.06,1.04
2026Q2,7765,中華資安,19.05,,4.43,4.64
2026Q2,7768,頌勝科技,59.12,,1.27,4.30
2026Q2,7769,鴻勁,71.96,,0.93,22.08
2026Q2,7780,大研生醫*,31.23,,8.70,2.74
2026Q2,7786,東方風能,10.79,,4.87,2.08
2026Q2,7788,松川精密,35.08,,0.69,3.72
2026Q2,7791,皇家可口,13.72,,6.66,1.43
2026Q2,7795,長廣,245.58,,0.39,15.40
2026Q2,7799,禾榮科,,,,5.42
2026Q2,7803,雲象科技-創,,,,3.13
2026Q2,7818,溢泰實業,12.57,,3.39,1.07
2026Q2,7821,神數,12.96,,5.04,1.80
2026Q2,7822,倍利科,50.73,,0.71,6.80
2026Q2,7823,奧義賽博-KY創,,,,5.72
2026Q2,7827,漢康-KY創,,,,15.95
2026Q2,7835,永悅健康-創,,,,5.78
2026Q2,7855,和運租車,8.90,,7.65,1.28
2026Q2,8011,台通,20.95,,4.52,0.81
2026Q2,8016,矽創,13.89,,4.14,2.47
2026Q2,8021,尖點,90.73,,0.44,10.50
2026Q2,8028,昇陽半導體,42.38,,1.14,7.08
2026Q2,8033,雷虎,363.54,,,8.83
2026Q2,8039,台虹,93.49,,0.68,6.94
2026Q2,8045,達運光電,56.86,,2.04,2.39
2026Q2,8046,南電,120.45,,0.20,13.44
2026Q2,8070,長華*,29.59,,5.42,1.32
2026Q2,8072,陞泰,15.69,,3.84,0.91
2026Q2,8081,致新,13.51,,6.44,2.62
2026Q2,8101,華冠,,,,2.83
2026Q2,8103,瀚荃,20.89,,2.34,2.30
2026Q2,8104,錸寶,,,,1.04
2026Q2,8105,凌巨,17.56,,,0.82
2026Q2,8110,華東,8.03,,3.41,1.17
2026Q2,8112,至上,6.77,,4.25,2.20
2026Q2,8114,振樺電,12.83,,6.37,1.95
2026Q2,8131,福懋科,17.94,,1.62,1.78
2026Q2,8150,南茂,28.13,,1.36,2.54
2026Q2,8162,微矽電子-創,45.67,,2.45,2.92
2026Q2,8163,達方,50.25,,1.66,0.77
2026Q2,8201,無敵,,,,1.61
2026Q2,8210,勤誠,23.77,,1.54,9.11
2026Q2,8213,志超,16.52,,3.50,0.52
2026Q2,8215,明基材,,,1.19,1.68
2026Q2,8222,寶一,27.00,,0.96,2.68
2026Q2,8249,菱光,19.49,,5.23,0.77
2026Q2,8261,富鼎,25.56,,2.93,3.55
2026Q2,8271,宇瞻,5.46,,2.03,2.99
2026Q2,8341,日友,14.24,,5.36,1.82
2026Q2,8367,建新國際,12.92,,7.00,1.15
2026Q2,8374,羅昇,,,0.25,4.33
2026Q2,8404,百和興業-KY,18.51,,3.22,0.89
2026Q2,8411,福貞-KY,37.65,,0.78,0.45
2026Q2,8422,可寧衛*,27.71,,4.51,3.51
2026Q2,8429,金麗-KY,66.22,,,0.17
2026Q2,8438,昶昕,18.78,,1.91,2.38
2026Q2,8442,威宏-KY,15.00,,6.43,0.88
2026Q2,8443,阿瘦,,,,1.19
2026Q2,8454,富邦媒,23.05,,4.18,7.64
2026Q2,8462,柏文,16.00,,4.36,5.58
2026Q2,8463,潤泰材,10.86,,3.72,1.30
2026Q2,8464,億豐,16.23,,4.31,3.78
2026Q2,8466,美吉吉-KY,,,2.00,0.40
2026Q2,8467,波力-KY,14.02,,7.81,1.69
2026Q2,8473,山林水,11.45,,4.66,1.03
2026Q2,8476,台境*,69.29,,1.03,1.68
2026Q2,8478,東哥遊艇,9.84,,4.59,1.45
2026Q2,8481,政伸,12.21,,6.64,1.63
2026Q2,8482,商億-KY,16.76,,3.95,1.67
2026Q2,8487,愛爾達-創,13.43,,6.75,3.00
2026Q2,8488,吉源-KY,,,,0.31
2026Q2,8499,鼎炫-KY,24.18,,3.11,1.27
2026Q2,8926,台汽電,15.71,,3.71,2.39
2026Q2,8940,新天地,28.02,,,1.21
2026Q2,8996,高力,82.49,,0.37,22.24
2026Q2,9802,鈺齊-KY,14.04,,7.16,1.05
2026Q2,9902,台火,23.53,,,1.03
2026Q2,9904,寶成,5.23,,5.26,0.39
2026Q2,9905,大華,13.05,,5.14,0.76
2026Q2,9906,欣巴巴,12.19,,0.19,2.49
2026Q2,9907,統一實,16.05,,7.74,1.15
2026Q2,9908,大台北,13.86,,4.12,0.98
2026Q2,9910,豐泰,14.59,,5.71,3.00
2026Q2,9911,櫻花,12.67,,6.12,2.75
2026Q2,9912,偉聯,,,,1.95
2026Q2,9914,美利達,22.32,,3.64,1.18
2026Q2,9917,中保科,15.52,,5.82,3.76
2026Q2,9918,欣天然,16.18,,3.47,2.28
2026Q2,9919,康那香,,,,1.47
2026Q2,9921,巨大,61.68,,1.90,1.09
2026Q2,9924,福興,10.53,,6.50,0.84
2026Q2,9925,新保,13.11,,5.05,1.05
2026Q2,9926,新海,17.37,,4.24,2.00
2026Q2,9927,泰銘,11.68,,7.19,1.57
2026Q2,9928,中視,,,,0.60
2026Q2,9929,秋雨,22.96,,,1.33
2026Q2,9930,中聯資源,14.19,,6.38,2.52
2026Q2,9931,欣高,11.88,,5.28,1.06
2026Q2,9933,中鼎,7.21,,2.43,1.54
2026Q2,9934,成霖,43.20,,0.93,0.68
2026Q2,9935,慶豐富,7.89,,6.15,1.28
2026Q2,9937,全國,21.48,,3.99,3.08
2026Q2,9938,百和,12.42,,7.43,0.92
2026Q2,9939,宏全,11.68,,4.82,1.92
2026Q2,9940,信義,20.66,,2.96,1.12
2026Q2,9941,裕融,11.55,,5.65,1.35
2026Q2,9942,茂順,12.49,,6.14,2.27
2026Q2,9943,好樂迪,12.44,,6.86,1.72
2026Q2,9944,新麗,27.74,,1.74,0.52
2026Q2,9945,潤泰新,4.90,,3.92,0.49
2026Q2,9946,三發地產,3.67,,8.07,0.77
2026Q2,9955,佳龍,12.46,,,1.85
2026Q2,9958,世紀鋼,12.80,,4.99,1.89
1150909,1240,茂生農經,10.28,0.50000000,0.90,1.63
1150909,1259,安心,18.33,1.20000000,1.85,0.75
1150909,1264,德麥,11.82,15.00000000,5.99,2.61
1150909,1268,漢來美食,13.01,8.00000000,4.66,3.02
1150909,1294,漢田生技,10.86,5.00000000,9.43,1.96
1150909,1295,生合,11.02,3.00000000,6.61,1.19
1150909,1336,台翰,21.93,0.26000000,1.58,0.67
1150909,1565,精華,12.28,5.80000000,5.88,0.78
1150909,1569,濱川,N/A,0,0.00,2.40
1150909,1570,力肯,47.17,1.00000000,3.07,1.62
1150909,1580,新麥,8.63,8.50000000,8.59,1.57
1150909,1584,精剛,30.86,0.25835500,1.44,0.86
1150909,1586,和勤,48.65,0,0.00,0.91
1150909,1591,駿吉-KY,N/A,0,0.00,3.17
1150909,1593,祺驊,8.02,2.00000000,6.35,0.92
1150909,1595,川寶,N/A,0.50000000,0.78,1.32
1150909,1599,宏佳騰,N/A,0.50000000,2.17,0.90
1150909,1742,台蠟,N/A,0,0.00,1.29
1150909,1777,生泰,10.08,4.00000000,5.34,1.30
1150909,1780,立弘,14.94,1.25000000,5.04,1.78
1150909,1781,合世,N/A,0,0.00,1.56
1150909,1784,訊聯,55.46,0.87236746,1.46,2.43
1150909,1785,光洋科,15.17,2.00009900,1.97,3.73
1150909,1788,杏昌,14.55,7.00000000,5.47,1.93
1150909,1796,金穎生技,73.66,0.70000000,2.32,1.60
1150909,1799,易威,N/A,0,0.00,5.25
1150909,1813,寶利徠,49.35,0,0.00,0.76
1150909,1815,富喬,36.52,1.00003420,0.79,5.38
1150909,2035,唐榮,N/A,0,0.00,3.74
1150909,2061,風青,41.68,0,0.00,3.98
1150909,2063,世鎧,13.06,1.49999994,6.28,1.20
1150909,2064,晉椿,612.50,0,0.00,0.91
1150909,2065,世豐,9.45,1.50000000,4.17,1.26
1150909,2066,世德,14.58,2.15000000,4.04,1.09
1150909,2067,嘉鋼,N/A,0,0.00,1.11
1150909,2070,精湛,22.55,1.50000000,2.42,2.19
1150909,2073,雄順,N/A,0.30000000,1.16,1.81
1150909,2221,大甲,28.98,1.50000000,1.71,3.43
1150909,2230,泰茂,N/A,0.60895126,2.75,1.40
1150909,2235,謚源,20.81,1.50000000,5.30,0.85
1150909,2596,綠意,12.86,1.50000000,4.27,1.63
1150909,2640,大車隊,16.18,8.00000000,5.19,4.56
1150909,2641,正德,7.90,0.50000000,2.74,0.72
1150909,2643,捷迅,8.75,4.50000000,7.17,1.12
1150909,2718,全心投控,3.97,5.57001412,13.47,0.58
1150909,2719,燦星旅,27.75,0,0.00,1.78
1150909,2724,藝舍-KY,N/A,0,0.00,1.44
1150909,2726,雅茗-KY,N/A,0,0.00,0.88
1150909,2729,瓦城,25.45,6.93003843,4.47,2.91
1150909,2732,六角,18.26,3.50000000,5.57,1.58
1150909,2734,易飛網,N/A,0,0.00,1.28
1150909,2736,富野,N/A,0,0.00,0.67
1150909,2740,華軒,N/A,0,0.00,4.08
1150909,2743,山富,14.51,3.20000000,5.99,2.20
1150909,2745,五福,8.88,7.50000000,8.57,3.22
1150909,2751,王座,10.53,3.99134413,7.50,2.43
1150909,2752,豆府,11.10,13.50000000,7.46,3.90
1150909,2754,亞洲藏壽司,15.49,1.00000000,1.47,1.75
1150909,2755,揚秦,13.93,5.91501916,5.96,3.37
1150909,2756,聯發國際,15.20,3.30000000,5.16,2.82
1150909,2916,滿心,10.36,3.60000000,8.96,1.69
1150909,2924,宏太-KY,N/A,0,0.00,1.96
1150909,2926,誠品生活,47.30,0.46000000,1.54,2.29
1150909,2937,集雅社,10.78,3.10000000,7.05,1.75
1150909,2941,米斯特,13.17,2.28000000,7.37,1.38
1150909,2947,振宇五金,18.81,1.00000000,1.62,1.63
1150909,2948,寶陞,17.59,2.25123097,5.92,1.16
1150909,2949,欣新網,18.05,2.03099616,3.18,1.80
1150909,3064,泰偉,N/A,0,0.00,4.39
1150909,3066,李洲,3.94,0,0.00,1.18
1150909,3067,全域,550.00,0,0.00,1.33
1150909,3071,協禧,41.81,0.80000000,3.30,1.73
1150909,3073,天方能源,N/A,0,0.00,1.31
1150909,3078,僑威,12.38,4.00000000,8.98,1.48
1150909,3081,聯亞,245.27,4.00000000,0.14,55.87
1150909,3083,網龍,31.30,0.33000000,1.44,1.53
1150909,3085,新零售,N/A,0,0.00,2.05
1150909,3086,華義*,N/A,0,0.00,26.77
1150909,3088,艾訊,15.85,2.93044459,2.32,2.53
1150909,3093,港建*,45.46,1.15000000,2.58,4.11
1150909,3095,及成,15.06,0,0.00,2.94
1150909,3105,穩懋,54.52,2.00000000,0.43,4.49
1150909,3114,好德,9.30,1.40000000,4.66,1.18
1150909,3115,富榮綱,N/A,0,0.00,1.17
1150909,3118,進階,13.38,2.20000000,7.03,1.88
1150909,3122,笙泉,N/A,0,0.00,3.11
1150909,3128,昇銳,17.30,1.00000000,5.03,1.21
1150909,3131,弘塑,45.24,46.08446132,1.80,23.24
1150909,3141,晶宏,30.79,0.35778786,0.38,2.53
1150909,3147,大綜,14.08,6.50000000,2.87,5.12
1150909,3152,璟德,25.58,7.11102372,3.08,2.47
1150909,3158,嘉實,11.63,6.50000000,7.78,2.68
1150909,3162,精確,116.83,0.86510256,1.18,2.76
1150909,3163,波若威,73.88,3.50000000,0.48,17.75
1150909,3169,亞信,26.64,3.20000000,3.15,3.63
1150909,3171,炎洲流通,9.92,4.64034443,7.75,3.20
1150909,3176,基亞,N/A,0,0.00,3.42
1150909,3178,公準,193.75,0,0.00,2.31
1150909,3188,鑫龍騰,3.44,3.19551547,13.15,1.37
1150909,3191,雲嘉南,21.39,0,0.00,3.02
1150909,3205,佰研,N/A,0,0.00,3.16
1150909,3206,志豐,20.49,1.50000000,4.23,1.34
1150909,3207,耀勝,N/A,0,0.00,1.51
1150909,3211,順達,49.46,11.46554000,3.12,6.32
1150909,3213,茂訊,13.19,7.00000000,5.53,1.90
1150909,3217,優群,10.18,10.00000000,7.78,2.39
1150909,3218,大學光,10.14,7.75000000,5.66,3.00
1150909,3219,倚強科,26.75,1.35953500,1.53,4.19
1150909,3221,台嘉碩,47.87,0.27699409,0.57,2.35
1150909,3224,三顧,N/A,0,0.00,1.88
1150909,3226,龍鋒,308.89,0,0.00,1.93
1150909,3227,原相,15.65,10.00700533,5.39,1.86
1150909,3228,金麗科,N/A,0,0.00,18.34
1150909,3230,錦明,N/A,0,0.00,4.00
1150909,3232,昱捷,27.61,0.50000000,2.55,1.32
1150909,3234,光環,N/A,0,0.00,32.05
1150909,3236,千如,61.39,0.50000000,1.13,2.59
1150909,3252,海灣,N/A,0,0.00,0.39
1150909,3259,鑫創,N/A,0,0.00,2.52
1150909,3260,威剛,5.36,17.00000000,4.10,3.41
1150909,3264,欣銓,30.42,4.20000000,1.80,5.63
1150909,3265,台星科,23.49,4.10000000,2.45,3.61
1150909,3268,海德威,N/A,0,0.00,1.31
1150909,3272,東碩,N/A,0,0.00,0.96
1150909,3276,宇環,64.32,0.06000000,0.42,1.14
1150909,3284,太普高,8.20,0.50000000,2.52,1.39
1150909,3285,微端,22.58,0.50000000,1.20,2.84
1150909,3287,廣寰科,4.49,1.50000000,4.19,1.94
1150909,3288,點晶,N/A,0,0.00,3.20
1150909,3289,宜特,30.70,4.45846576,3.18,2.56
1150909,3290,東浦,7.88,1.50000000,3.22,1.68
1150909,3293,鈊象,16.36,36.00000000,5.08,13.20
1150909,3294,英濟,N/A,0,0.00,1.67
1150909,3297,杭特,30.11,0,0.00,1.61
1150909,3303,岱稜,10.38,3.00000000,5.77,2.05
1150909,3306,鼎天,101.14,1.70000000,3.82,0.56
1150909,3310,佳穎,25.96,3.50000000,5.19,2.80
1150909,3313,斐成,N/A,0,0.00,1.10
1150909,3317,尼克森,28.66,0.50000000,0.87,1.57
1150909,3322,建舜電,N/A,0,0.00,0.96
1150909,3323,加百裕,N/A,0,0.00,1.15
1150909,3324,雙鴻,31.94,11.90330569,0.86,9.72
1150909,3325,旭品,N/A,0,0.00,1.27
1150909,3332,幸康,15.34,2.00000000,3.30,1.54
1150909,3339,泰谷,N/A,0,0.00,3.88
1150909,3349,寶德,N/A,0,0.00,3.07
1150909,3354,律勝,N/A,0,0.00,2.59
1150909,3357,臺慶科,19.51,5.08481026,2.44,2.11
1150909,3360,尚立,1480.00,0,0.00,1.37
1150909,3362,先進光,N/A,0,0.00,7.13
1150909,3363,上詮,N/A,0,0.00,14.07
1150909,3372,典範,N/A,0,0.00,1.71
1150909,3373,熱映,N/A,1.10000000,6.90,0.96
1150909,3374,精材,75.12,2.50000000,0.52,13.17
1150909,3379,彬台,27.45,1.20000000,4.29,1.76
1150909,3388,崇越電,15.65,3.33740548,3.93,1.33
1150909,3390,旭軟,N/A,0.19906365,0.92,1.20
1150909,3402,漢科,17.55,6.00000000,4.76,4.35
1150909,3430,奇鈦科,22.68,1.60000000,1.52,2.99
1150909,3434,哲固,78.92,1.20000000,4.11,2.24
1150909,3438,類比科,42.30,1.50000000,2.40,1.07
1150909,3441,聯一光,59.05,0.85000000,0.59,6.93
1150909,3444,利機,41.36,1.80000000,2.19,3.53
1150909,3455,由田,64.99,3.50000000,1.51,5.79
1150909,3465,進泰電子,N/A,0,0.00,1.32
1150909,3466,德晉,N/A,0,0.00,1.34
1150909,3467,台灣精材,44.96,0.50000000,0.97,2.66
1150909,3479,安勤,18.04,4.62305290,3.52,2.86
1150909,3483,力致,27.66,3.00000000,3.73,1.62
1150909,3484,崧騰,13.03,2.50000000,5.54,1.09
1150909,3485,敘豐,34.99,4.50000000,2.17,3.32
1150909,3489,森寶,N/A,3.00000000,13.82,2.10
1150909,3490,單井,6.99,0.50000000,1.13,1.54
1150909,3491,昇達科,115.66,6.80000000,0.47,22.05
1150909,3492,長盛,14.88,1.10000000,5.73,1.06
1150909,3498,陽程,43.51,0,0.00,4.63
1150909,3499,環天科,N/A,0,0.00,1.77
1150909,3508,位速,N/A,0,0.00,4.13
1150909,3511,矽瑪,N/A,0,0.00,1.22
1150909,3512,皇龍,10.21,1.80000000,9.33,0.87
1150909,3516,亞帝歐,38.33,0.20000000,0.76,1.01
1150909,3520,華盈,N/A,0,0.00,1.52
1150909,3521,台鋼建設,7.19,0,0.00,1.01
1150909,3522,御嵿,N/A,0,0.00,1.75
1150909,3523,迎輝,N/A,0,0.00,2.61
1150909,3526,凡甲,15.65,16.84112667,6.06,4.49
1150909,3527,聚積,N/A,1.00000000,2.01,0.98
1150909,3529,力旺,93.26,20.50000000,0.74,59.53
1150909,3531,先益,16.02,0.50000000,2.36,0.69
1150909,3537,堡達,11.63,2.00000000,3.75,2.33
1150909,3540,曜越,25.80,0.25737554,1.13,0.92
1150909,3541,西柏,68.91,0,0.00,1.69
1150909,3546,宇峻,14.70,2.50000015,3.39,2.74
1150909,3548,兆利,228.65,1.00000000,1.18,0.93
1150909,3551,世禾,19.01,4.80000000,2.69,2.20
1150909,3552,同致,N/A,0.50000000,1.18,0.94
1150909,3555,博士旺,22.53,0,0.00,9.35
1150909,3556,禾瑞亞,15.49,1.95000000,3.42,3.01
1150909,3558,神準,56.54,3.00000000,2.48,1.20
1150909,3564,其陽,134.17,0.27000000,0.56,2.06
1150909,3567,逸昌,22.84,1.00000000,3.94,1.55
1150909,3570,大塚,11.36,9.70000000,5.97,2.60
1150909,3577,泓格,25.40,2.00000000,1.81,4.80
1150909,3580,友威科,53.33,1.20000000,1.39,3.29
1150909,3581,博磊,45.94,0.60000000,0.56,6.06
1150909,3587,閎康,38.15,4.20831878,1.68,3.03
1150909,3594,磐儀,37.17,0.39763206,0.84,1.97
1150909,3597,映興,32.75,0.40000000,1.53,1.72
1150909,3609,三一東林,3.01,0,0.00,1.67
1150909,3611,鼎翰,8.81,10.00000000,5.49,1.36
1150909,3615,安可,11.44,0.70000000,1.96,1.05
1150909,3623,富晶通,26.22,0,0.00,1.91
1150909,3624,光頡,32.34,1.10000000,1.06,3.40
1150909,3625,西勝,N/A,0,0.00,2.57
1150909,3628,盈正,17.41,3.25000000,4.52,2.02
1150909,3629,地心引力,N/A,0,0.00,15.31
1150909,3630,新鉅科,N/A,0,0.00,1.86
1150909,3631,晟楠,N/A,0,0.00,2.69
1150909,3632,研勤,N/A,0,0.00,2.51
1150909,3646,艾恩特,N/A,0.90000000,3.75,1.95
1150909,3663,鑫科,265.22,0,0.00,2.05
1150909,3664,安瑞-KY,N/A,0,0.00,5.80
1150909,3666,光耀,N/A,0,0.00,2.02
1150909,3672,康聯訊,N/A,0,0.00,1.66
1150909,3675,德微,47.47,4.00000000,1.47,4.90
1150909,3680,家登,38.06,6.89733964,1.22,4.19
1150909,3684,榮昌,13.45,2.77366165,5.12,2.32
1150909,3685,元創精密,N/A,0,0.00,3.97
1150909,3687,歐買尬,14.30,2.00283945,3.22,1.20
1150909,3689,湧德,13.92,3.64839886,3.24,2.02
1150909,3691,碩禾,35.88,0,0.00,1.49
1150909,3693,營邦,45.40,8.00000000,1.14,5.73
1150909,3707,漢磊,N/A,0,0.00,2.76
1150909,3709,鑫聯大投控,5.58,2.15652134,3.42,1.85
1150909,3710,連展投控,N/A,0,0.00,1.41
1150909,3713,新晶投控,N/A,0,0.00,1.86
1150909,4102,永日,N/A,0,0.00,1.34
1150909,4105,東洋,11.08,4.50000000,5.83,2.76
1150909,4107,邦特,13.28,5.50000000,4.87,2.22
1150909,4109,加捷生醫,368.33,0.20000000,1.81,0.81
1150909,4111,濟生,9.16,1.30000000,4.49,1.24
1150909,4113,聯上,N/A,0,0.00,0.88
1150909,4114,健喬,18.49,1.64686448,5.50,1.74
1150909,4116,明基醫,15.04,2.00000000,5.04,1.60
1150909,4120,友華,N/A,4.00000000,8.70,0.76
1150909,4121,優盛,N/A,0,0.00,0.75
1150909,4123,晟德,22.97,2.24574930,7.35,1.34
1150909,4126,太醫,13.01,4.50000000,5.78,1.98
1150909,4127,天良,41.59,0,0.00,5.53
1150909,4128,中天,16.63,0,0.00,0.92
1150909,4129,聯合,14.44,4.50000000,5.45,2.04
1150909,4131,浩泰,N/A,0,0.00,4.28
1150909,4138,曜亞,14.70,4.20000000,7.81,1.36
1150909,4139,馬光-KY,N/A,0,0.00,4.50
1150909,4147,中裕,N/A,0,0.00,4.62
1150909,4153,鈺緯,19.48,2.00000000,6.26,1.94
1150909,4154,樂威科-KY,N/A,0,0.00,1.98
1150909,4157,太景*-KY,41.05,0,0.00,6.27
1150909,4160,訊聯基因,58.43,0.49583493,1.27,2.12
1150909,4161,聿新科,12.40,0.70000000,3.12,1.36
1150909,4162,智擎,15.08,2.00000000,3.58,1.63
1150909,4163,鐿鈦,22.07,3.50000000,2.69,2.44
1150909,4166,友霖,24.64,0,0.00,2.18
1150909,4167,松瑞藥,5.75,1.48456341,7.77,1.35
1150909,4168,醣聯,N/A,0,0.00,2.86
1150909,4171,瑞基,N/A,0,0.00,1.65
1150909,4173,久裕,21.31,1.04000000,6.10,0.67
1150909,4174,浩鼎,N/A,0,0.00,2.34
1150909,4175,杏一,13.51,3.00000000,5.86,1.42
1150909,4183,福永生技,N/A,0,0.00,1.25
1150909,4188,安克,N/A,0,0.00,1.73
1150909,4192,杏國,N/A,0,0.00,2.98
1150909,4198,欣大健康,N/A,0,0.00,5.90
1150909,4205,中華食,17.43,3.50000000,5.06,3.12
1150909,4207,環泰,10.48,1.20000000,6.09,1.35
1150909,4303,信立,3.91,5.00000002,13.76,1.02
1150909,4304,勝昱,N/A,0,0.00,3.22
1150909,4305,世坤,8.63,3.10000000,7.37,1.92
1150909,4401,東隆興,12.30,0.60000000,4.32,0.63
1150909,4402,郡都開發,N/A,0,0.00,1.69
1150909,4406,新昕纖,N/A,0,0.00,0.85
1150909,4413,飛寶企業,15.77,0.30000000,1.53,1.79
1150909,4416,三圓,3.80,0,0.00,0.45
1150909,4417,金洲,9.19,3.50000000,7.32,1.27
1150909,4419,皇家美食,N/A,0,0.00,8.42
1150909,4420,光明,28.96,3.00000000,7.73,1.10
1150909,4430,耀億,44.23,0.50000000,2.90,0.55
1150909,4432,銘旺實,3.26,0.40000000,2.58,0.50
1150909,4433,興采,16.74,1.00000000,5.33,0.63
1150909,4442,竣邦-KY,10.64,3.40267927,6.57,1.93
1150909,4502,健信,N/A,0,0.00,1.64
1150909,4503,金雨,6.25,0,0.00,0.98
1150909,4506,崇友,15.70,5.30000000,4.36,3.77
1150909,4510,高鋒,46.42,0,0.00,2.56
1150909,4513,福裕,N/A,0,0.00,1.44
1150909,4523,永彰,0.88,2.64194037,11.24,0.84
1150909,4527,方土霖,9.44,3.00000000,7.37,1.81
1150909,4528,江興鍛,N/A,0.20000000,1.33,0.56
1150909,4529,淳紳,N/A,0,0.00,1.49
1150909,4530,天意能創,1297.50,0,0.00,2.09
1150909,4533,協易機,42.25,0.17759470,0.70,1.56
1150909,4534,慶騰,60.31,0,0.00,3.51
1150909,4535,至興,19.72,0.80000000,2.86,0.86
1150909,4538,大詠城,45.51,1.00000000,5.63,1.28
1150909,4541,晟田,15.27,1.40000000,2.33,2.32
1150909,4542,科嶠,129.59,0.93456890,0.33,10.37
1150909,4543,萬在,11.29,0.70000000,2.42,0.93
1150909,4549,桓達,23.93,3.20000000,3.29,2.94
1150909,4550,長佳,12.41,1.22000000,5.09,0.97
1150909,4554,橙的,10.32,2.00000000,6.90,1.48
1150909,4556,旭然,73.08,0.60000000,0.77,3.99
1150909,4558,寶緯,19.00,0,0.00,0.95
1150909,4561,健椿,24.12,0.20000000,0.48,1.71
1150909,4563,百德,N/A,0,0.00,1.73
1150909,4568,科際精密,21.75,1.98027127,5.06,1.17
1150909,4577,達航科技,N/A,0,0.00,4.59
1150909,4580,捷流閥業,13.57,4.00000000,4.87,1.40
1150909,4584,君帆,15.52,2.00000000,5.19,1.10
1150909,4609,唐鋒,21.84,0,0.00,1.52
1150909,4702,中美實,4.22,0.50000000,5.34,0.51
1150909,4706,大恭,33.24,0.30000000,0.81,1.88
1150909,4707,磐亞,21.09,0.50000000,1.84,1.33
1150909,4711,永純,19.53,0.50000000,3.01,0.98
1150909,4714,永捷,N/A,0,0.00,0.94
1150909,4716,大立,29.40,0,0.00,1.41
1150909,4721,美琪瑪,14.33,2.30000000,3.23,3.69
1150909,4726,永昕,N/A,0,0.00,3.51
1150909,4728,雙美,26.34,12.10000000,3.08,14.94
1150909,4729,熒茂,40.89,0,0.00,1.24
1150909,4735,豪展,6.42,2.00000000,5.59,1.22
1150909,4741,泓瀚,33.22,0.30000000,0.75,1.51
1150909,4743,合一,352.31,0,0.00,2.14
1150909,4744,皇將,17.75,1.00000000,3.73,1.23
1150909,4745,合富-KY,N/A,0,0.00,0.27
1150909,4747,強生*,25.82,1.05000000,2.07,1.32
1150909,4749,新應材,59.74,8.00000000,1.04,6.91
1150909,4754,國碳科,11.70,2.30000000,6.08,2.14
1150909,4760,勤凱,27.31,4.69932155,1.76,6.35
1150909,4767,誠泰科技,11.44,1.10000000,3.74,0.95
1150909,4768,晶呈科技,N/A,1.00000000,0.33,10.12
1150909,4772,台特化,44.40,3.00000000,1.22,9.82
1150909,4806,桂田文創,N/A,0,0.00,1.43
1150909,4903,聯光通,28.52,0.30000000,0.82,3.29
1150909,4905,台聯電,6.87,1.50000000,1.76,0.80
1150909,4907,富宇,6.10,1.50000000,3.42,1.69
1150909,4908,前鼎,96.41,1.00000000,0.41,10.73
1150909,4909,新復興,47.70,0,0.00,1.30
1150909,4911,德英,21.78,1.96606813,6.69,2.14
1150909,4923,力士,N/A,0,0.00,3.88
1150909,4924,欣厚-KY,15.81,0,0.00,1.18
1150909,4931,新盛力,42.37,2.50000000,0.99,10.28
1150909,4933,友輝,7.17,2.88744052,5.58,1.10
1150909,4939,亞電,105.47,0.25000000,0.28,5.87
1150909,4946,辣椒,40.39,0,0.00,4.81
1150909,4950,金耘國際,20.25,0,0.00,1.67
1150909,4951,精拓科,12.68,4.50000000,5.56,2.95
1150909,4953,緯致,11.86,5.14055403,4.36,2.05
1150909,4966,譜瑞-KY,17.49,17.79115820,3.23,1.91
1150909,4971,IET-KY,154.86,0.84741153,0.14,6.64
1150909,4972,湯石照明,N/A,0,0.00,0.65
1150909,4973,廣穎,8.32,1.00000000,0.68,2.78
1150909,4974,亞泰,15.27,3.90000000,5.23,1.65
1150909,4979,華星光,99.84,2.15335026,0.35,19.56
1150909,4991,環宇-KY,155.45,0,0.00,13.59
1150909,4995,晶達,14.23,1.99286251,3.98,2.25
1150909,5009,榮剛,15.50,1.20000000,3.69,1.05
1150909,5011,久陽,N/A,0,0.00,0.95
1150909,5013,強新,12.85,0.70000000,2.49,0.95
1150909,5014,建錩,N/A,0.50000000,5.02,0.69
1150909,5015,華祺,14.64,0.50000000,2.26,1.11
1150909,5016,松和,12.53,1.00000000,4.07,0.81
1150909,5201,凱衛,N/A,0.50000000,1.70,1.78
1150909,5202,力新,N/A,0.20000000,1.71,0.99
1150909,5205,中茂,N/A,0,0.00,3.61
1150909,5206,坤悅,8.01,1.50000000,6.48,0.97
1150909,5209,新鼎,9.23,12.94579196,7.71,4.63
1150909,5210,寶碩,25.86,0,0.00,2.76
1150909,5211,蒙恬,N/A,0,0.00,1.99
1150909,5212,凌網,7.30,4.20000000,9.07,2.88
1150909,5213,亞昕,13.07,2.80000000,13.30,1.05
1150909,5220,萬達光電,122.19,0.30000000,1.53,1.03
1150909,5223,安力-KY,N/A,0,0.00,0.43
1150909,5227,立凱-KY,N/A,0,0.00,3.92
1150909,5228,鈺鎧,20.02,0,0.00,2.68
1150909,5230,雷笛克光學,N/A,0.50000000,2.68,0.79
1150909,5245,智晶,N/A,0,0.00,1.60
1150909,5251,天鉞電,22.93,0,0.00,1.99
1150909,5263,智崴,47.87,0,0.00,1.87
1150909,5272,笙科,N/A,0,0.00,1.14
1150909,5274,信驊,124.11,81.00000000,0.44,90.27
1150909,5276,達輝-KY,16.38,0.80000000,4.65,1.31
1150909,5278,尚凡*,21.01,1.22289304,5.11,1.92
1150909,5287,數字,8.87,11.15000008,8.23,2.94
1150909,5289,宜鼎,7.53,17.03414478,1.26,5.61
1150909,5291,邑昇,50.74,0,0.00,2.50
1150909,5299,杰力,11.53,3.66000000,3.95,1.42
1150909,5301,寶得利,N/A,0,0.00,0.69
1150909,5302,太欣,N/A,0,0.00,1.28
1150909,5309,系統電,300.59,0.49890434,0.98,2.22
1150909,5310,天剛,11.96,0,0.00,2.09
1150909,5312,寶島科,12.40,6.50000000,7.16,1.27
1150909,5314,世紀*,9.19,31.61882035,74.31,6.87
1150909,5315,光聯,10.96,1.60000000,8.79,1.12
1150909,5321,美而快,N/A,0,0.00,5.77
1150909,5324,士開,N/A,0,0.00,1.89
1150909,5328,華容,82.82,0.35000000,0.60,4.47
1150909,5340,建榮,46.59,0.60000000,0.71,6.97
1150909,5344,立衛,N/A,0,0.00,2.11
1150909,5345,馥鴻,N/A,0,0.00,3.66
1150909,5347,世界,33.98,4.47377334,2.85,4.68
1150909,5348,正能量智能,N/A,0,0.00,2.25
1150909,5351,鈺創,18.27,0,0.00,5.38
1150909,5353,台林,15.33,0.99912875,3.60,1.44
1150909,5355,佳總,N/A,0,0.00,1.35
1150909,5356,協益,11.71,2.00000000,7.69,0.61
1150909,5364,力麗店,N/A,0,0.00,0.77
1150909,5381,光譜,30.06,0,0.00,2.14
1150909,5386,青雲,4.01,6.50000000,2.30,3.19
1150909,5392,能率,61.18,0.40000001,0.96,1.26
1150909,5398,慕康生醫,141.50,0,0.00,1.35
1150909,5403,中菲,11.81,6.50000000,7.00,2.84
1150909,5410,國眾,10.35,2.07469706,5.89,2.05
1150909,5425,台半,32.73,2.02154968,2.25,2.88
1150909,5426,振發,44.76,0.30000000,1.06,1.76
1150909,5432,新門,16.92,1.50000000,0.96,6.26
1150909,5438,東友,N/A,0.75000000,4.50,0.58
1150909,5439,高技,14.62,7.19992263,2.72,6.09
1150909,5443,均豪,49.12,2.20000000,1.97,0.89
1150909,5450,南良,21.09,0.25000000,1.72,0.99
1150909,5452,佶優,48.27,0.25000000,0.94,1.80
1150909,5455,昇益,N/A,0,0.00,1.42
1150909,5457,宣德,35.67,1.50020312,5.61,0.95
1150909,5460,同協,99.71,0,0.00,1.34
1150909,5464,霖宏,176.17,0,0.00,4.46
1150909,5465,富驊,15.25,1.20000000,4.92,1.45
1150909,5468,凱鈺,N/A,0,0.00,2.79
1150909,5474,聰泰,26.32,4.00000000,2.60,3.13
1150909,5475,德宏,149.61,0,0.00,22.52
1150909,5478,智冠,11.97,7.50000000,7.70,1.67
1150909,5481,新華,N/A,0,0.00,1.18
1150909,5483,中美晶,20.18,3.50000000,1.93,2.17
1150909,5487,通泰,N/A,0,0.00,1.34
1150909,5488,松普,N/A,0.06000000,0.51,1.06
1150909,5489,彩富,19.64,1.50000000,3.65,1.81
1150909,5490,同亨,12.55,1.50000000,5.80,1.79
1150909,5493,三聯,14.99,2.70000000,3.21,2.02
1150909,5498,凱崴,152.57,0.25000000,0.47,4.72
1150909,5508,永信建,17.58,2.77637000,5.16,2.14
1150909,5511,德昌,4.94,5.58871650,7.93,1.11
1150909,5512,力麒,55.43,0.10000000,1.29,0.44
1150909,5514,三豐,62.92,0,0.00,1.00
1150909,5516,雙喜,11.86,0,0.00,1.34
1150909,5520,力泰,8.36,7.00000000,8.51,1.50
1150909,5523,豐謙,N/A,0.50000000,1.65,1.66
1150909,5529,鉅陞,6.98,0.38609252,1.54,1.65
1150909,5530,龍巖,14.63,0,0.00,0.66
1150909,5536,聖暉*,21.54,20.00000000,2.32,6.44
1150909,5543,桓鼎-KY,59.15,0,0.00,2.60
1150909,5547,久舜,10.21,1.94126126,9.76,1.23
1150909,5548,安倉,10.28,1.87808456,9.18,1.05
1150909,5601,台聯櫃,75.61,0.38000000,1.23,1.46
1150909,5603,陸海,34.75,0.50000000,3.60,0.78
1150909,5604,中連,30.14,2.00000000,6.32,1.76
1150909,5609,中菲行,10.25,5.60000000,7.13,1.75
1150909,5701,劍湖山,N/A,0,0.00,1.39
1150909,5703,亞都,16.71,0,0.00,1.74
1150909,5704,老爺知,164.64,0,0.00,1.38
1150909,5864,致和證,2.62,1.60000000,4.41,1.28
1150909,5878,台名,15.20,2.40000000,6.29,1.84
1150909,5902,德記,16.41,1.65000000,4.81,2.62
1150909,5903,全家,23.50,6.50000000,3.52,4.69
1150909,5904,寶雅*,21.44,25.50000000,3.49,1.07
1150909,5905,南仁湖,N/A,0,0.00,0.75
1150909,6015,宏遠證,3.99,0.54982057,3.15,1.03
1150909,6016,康和證,3.00,1.40500000,6.14,1.07
1150909,6020,大展證,5.75,0.27266554,1.32,0.95
1150909,6021,美好證,3.80,2.00102488,4.69,1.03
1150909,6023,元大期,9.45,5.50000000,6.43,1.37
1150909,6026,福邦證,5.51,1.36413977,8.97,0.96
1150909,6028,公勝保經,9.36,6.00000000,6.26,2.62
1150909,6101,寬魚國際,27.24,0,0.00,3.15
1150909,6103,合邦,83.63,0,0.00,3.04
1150909,6104,創惟,19.62,4.50000000,4.83,3.93
1150909,6109,亞元,N/A,0,0.00,1.24
1150909,6111,光聚晶電,N/A,0,0.00,1.75
1150909,6113,亞矽,36.89,0,0.00,2.13
1150909,6114,久威,6.49,0.50000000,2.03,0.67
1150909,6118,建達,94.38,0,0.00,1.22
1150909,6121,新普,11.57,21.80000000,5.69,1.78
1150909,6122,擎邦,10.84,3.40000000,6.73,2.21
1150909,6123,上奇,13.18,3.60000000,8.40,1.64
1150909,6124,業強,51.35,0,0.00,1.55
1150909,6125,廣運,172.41,0.50000000,1.00,2.78
1150909,6126,信音,36.99,0.59791726,2.07,1.01
1150909,6127,九豪,N/A,0,0.00,4.90
1150909,6130,上亞科技,N/A,0,0.00,1.94
1150909,6134,萬旭,36.08,0.20000000,0.70,1.91
1150909,6138,茂達,18.33,10.94800583,4.02,5.40
1150909,6140,訊達,N/A,0,0.00,1.64
1150909,6143,振曜,10.62,6.00000000,7.18,2.54
1150909,6144,得利影,N/A,0,0.00,1.61
1150909,6146,耕興,15.86,12.00000000,6.63,3.45
1150909,6147,頎邦,47.83,2.80000000,1.41,2.52
1150909,6148,驊宏資,26.25,1.23000000,4.34,2.37
1150909,6150,撼訊,14.90,0.60000000,0.99,1.72
1150909,6151,晉倫,14.89,1.50000000,4.30,1.87
1150909,6154,順發,12.28,0.51000000,3.64,0.87
1150909,6156,松上,51.38,0.20000000,0.97,0.96
1150909,6158,禾昌,N/A,0,0.00,0.83
1150909,6160,欣技,N/A,0,0.00,1.68
1150909,6161,捷波,12.33,2.20000000,4.33,2.13
1150909,6163,華電網,45.34,0.57766376,1.43,2.05
1150909,6167,久正,N/A,0,0.00,0.87
1150909,6169,昱泉,N/A,0,0.00,1.42
1150909,6170,統振,9.84,4.00000000,8.32,2.39
1150909,6171,大城地產,18.91,2.00000000,7.72,1.09
1150909,6173,信昌電,50.56,1.80000000,0.67,4.53
1150909,6174,安碁,33.86,0.34000000,0.79,3.22
1150909,6175,立敦,22.68,3.00000000,4.23,2.52
1150909,6179,亞通,49.86,0.50000000,1.37,1.72
1150909,6180,橘子,N/A,1.02524353,2.50,1.81
1150909,6182,合晶,480.43,0,0.00,4.06
1150909,6185,幃翔,56.09,0.39261977,3.04,0.90
1150909,6186,新潤,6.02,5.00793304,16.42,1.29
1150909,6187,萬潤,68.95,11.66059068,0.88,15.20
1150909,6188,廣明,22.92,3.20000000,4.97,1.41
1150909,6190,萬泰科,30.40,1.93303817,2.80,3.26
1150909,6194,育富,25.56,1.50000000,5.02,0.74
1150909,6195,詩肯,14.89,1.00000000,3.57,1.05
1150909,6198,瑞築,N/A,0,0.00,0.71
1150909,6199,天品,35.70,0,0.00,5.66
1150909,6203,海韻電,9.13,4.00000000,6.67,1.68
1150909,6204,艾華,72.50,0.50000000,0.57,5.59
1150909,6207,雷科,76.32,0.60275886,0.52,3.84
1150909,6208,日揚,18.54,2.00000000,2.54,2.31
1150909,6210,慶生,N/A,0,0.00,1.80
1150909,6212,理銘,15.62,0,0.00,0.84
1150909,6217,中探針,N/A,0,0.00,7.00
1150909,6218,豪勉,27.92,0,0.00,3.01
1150909,6219,富旺,12.87,0,0.00,0.76
1150909,6220,岳豐,22.11,0.70000000,2.73,1.18
1150909,6221,晉泰,9.04,1.19985054,5.67,1.17
1150909,6222,立軒,N/A,0,0.00,1.58
1150909,6223,旺矽,120.24,22.00000000,0.39,34.59
1150909,6227,茂綸,9.10,4.50000000,3.85,2.81
1150909,6228,全譜,N/A,0,0.00,1.91
1150909,6229,研通,21.70,0.60000000,2.54,1.33
1150909,6231,系微,30.04,5.70000000,2.52,9.57
1150909,6233,旺玖,92.50,0.75047485,3.69,1.07
1150909,6234,高僑,33.65,0.25000000,0.71,1.25
1150909,6236,中湛,1875.00,0,0.00,5.01
1150909,6237,驊訊,N/A,0.10000000,0.30,1.84
1150909,6240,松崗,N/A,0,0.00,1.44
1150909,6241,鑫永洋,20.74,0,0.00,1.48
1150909,6242,立康,14.21,2.00000000,5.87,1.29
1150909,6244,茂迪,54.76,0.14000000,0.61,1.95
1150909,6245,立端,18.61,3.80000000,4.66,2.01
1150909,6246,臺龍,66.00,0,0.00,1.21
1150909,6248,沛波,12.94,1.21654042,7.18,0.78
1150909,6259,百徽,19.46,0.34875249,1.20,1.94
1150909,6261,久元,15.36,2.50000000,3.17,1.48
1150909,6263,普萊德,17.78,7.80000000,4.97,6.30
1150909,6264,富裔,N/A,0,0.00,0.89
1150909,6265,方土昶,6.47,0,0.00,2.85
1150909,6266,泰詠,12.76,1.78000000,7.12,1.57
1150909,6270,倍微,21.83,1.00000000,3.50,0.76
1150909,6274,台燿,68.31,7.50657700,0.56,16.67
1150909,6275,元山,18.02,1.99201364,4.37,2.19
1150909,6276,安鈦克,N/A,0,0.00,3.61
1150909,6279,胡連,9.87,5.50000000,4.89,1.48
1150909,6284,佳邦,20.37,1.88959997,2.44,1.33
1150909,6290,良維,29.29,6.19234400,2.25,5.91
1150909,6291,沛亨,41.45,6.00000000,1.25,14.17
1150909,6292,迅德,12.03,1.80000000,2.71,2.59
1150909,6294,智基,10.81,3.00000000,10.43,1.34
1150909,6411,晶焱,18.85,2.21608000,2.81,1.56
1150909,6417,韋僑,16.23,2.40000000,2.26,2.53
1150909,6418,詠昇,92.11,0.38000000,1.09,2.35
1150909,6419,京晨科,5.22,0,0.00,2.86
1150909,6423,億而得,119.58,1.00000000,1.18,4.95
1150909,6425,易發,63.27,0.98915842,1.50,2.60
1150909,6432,今展科,23.31,1.20000000,2.13,2.04
1150909,6435,大中,18.42,7.50000000,3.05,4.10
1150909,6441,廣錠,N/A,0,0.00,1.44
1150909,6461,益得,N/A,0,0.00,3.18
1150909,6462,神盾,N/A,0,0.00,1.23
1150909,6465,威潤,12.84,0.20000000,0.46,3.57
1150909,6469,大樹,19.62,3.75718947,5.57,2.76
1150909,6470,宇智,9.05,2.50000000,5.75,1.45
1150909,6474,華豫寧,10.74,2.50000000,6.85,1.13
1150909,6482,弘煜科,13.30,2.00000000,8.26,1.80
1150909,6485,點序,N/A,0.47825482,0.79,1.46
1150909,6486,互動,16.92,6.00000000,7.39,2.34
1150909,6488,環球晶,46.36,7.70000000,0.81,4.72
1150909,6492,生華科,N/A,0,0.00,4.93
1150909,6494,九齊,17.21,1.00000000,1.95,1.57
1150909,6496,科懋,N/A,0,0.00,1.64
1150909,6498,久禾光,9.37,4.50000000,6.35,2.16
1150909,6499,益安,N/A,0,0.00,5.64
1150909,6506,雙邦,12.25,1.00000000,5.48,1.19
1150909,6508,惠光,24.75,0.50000000,1.98,0.90
1150909,6509,聚和,12.65,1.39368235,3.04,1.62
1150909,6510,精測,85.14,15.23489734,0.42,11.74
1150909,6512,啟發電,N/A,0,0.00,1.56
1150909,6516,勤崴國際,26.47,2.34000000,4.11,3.36
1150909,6517,保勝光學,26.61,1.50000000,2.25,3.10
1150909,6523,達爾膚,13.56,10.00000000,11.16,3.17
1150909,6527,明達醫,13.05,2.90000000,3.81,1.87
1150909,6530,創威,39.83,2.00000000,2.08,7.02
1150909,6532,瑞耘,12.41,3.00000000,3.01,3.02
1150909,6535,順藥,N/A,0,0.00,11.08
1150909,6538,倉和,200.57,1.53265649,0.44,6.78
1150909,6542,隆中,98.18,0.02048780,0.05,2.51
1150909,6546,正基,14.88,2.50000000,4.12,1.90
1150909,6547,高端疫苗,N/A,0,0.00,6.30
1150909,6548,長科*,32.30,1.35001156,1.88,5.11
1150909,6556,勝品,7.89,3.50000000,5.74,1.09
1150909,6560,欣普羅,25.33,0,0.00,1.52
1150909,6561,是方,21.14,14.29875469,4.50,7.49
1150909,6568,宏觀,27.25,2.00000000,1.47,2.68
1150909,6569,醫揚,19.15,3.00000000,3.33,2.27
1150909,6570,維田,19.15,1.10000000,2.27,2.13
1150909,6574,霈方,8.99,3.00000000,2.52,2.45
1150909,6576,逸達,582.14,0,0.00,10.09
1150909,6577,勁豐,10.83,5.00000000,6.39,3.33
1150909,6578,達邦蛋白,N/A,0.40000000,2.23,1.28
1150909,6584,南俊國際,55.65,2.44070731,0.42,11.22
1150909,6588,東典光電,638.89,0,0.00,5.11
1150909,6590,普鴻,11.37,1.50036092,2.54,2.10
1150909,6593,台灣銘板,N/A,0,0.00,1.19
1150909,6596,寬宏藝術,4.75,18.70000000,19.68,2.93
1150909,6597,立誠,46.20,1.00000000,1.37,2.77
1150909,6603,富強鑫,31.99,0.40135362,1.61,1.57
1150909,6609,瀧澤科,N/A,0,0.00,1.21
1150909,6612,奈米醫材,35.53,1.31000830,1.87,1.74
1150909,6613,朋億*,15.64,10.00000000,3.78,3.20
1150909,6615,慧智,51.21,0,0.00,1.13
1150909,6616,特昇-KY,N/A,0,0.00,0.71
1150909,6617,共信-KY,N/A,0,0.00,6.82
1150909,6620,漢達,45.83,2.07384778,1.57,4.27
1150909,6624,萬年清,76.32,0.28759145,0.71,1.84
1150909,6629,泰金-KY,9.33,6.19621734,5.82,2.35
1150909,6637,醫影,9.85,4.50000000,8.30,1.35
1150909,6640,均華,71.64,15.00000000,1.25,6.70
1150909,6642,富致,20.42,1.80000000,2.33,2.66
1150909,6643,M31,455.79,1.19167362,0.28,9.71
1150909,6649,台生材,45.13,1.00000000,2.81,2.33
1150909,6651,全宇昕,15.90,4.00000000,2.82,3.75
1150909,6654,天正國際,72.79,0,0.00,6.34
1150909,6661,威健生技,N/A,0,0.00,1.46
1150909,6662,樂斯科,18.19,1.55000000,5.33,1.74
1150909,6664,群翊,21.26,10.14249808,2.87,5.16
1150909,6667,信紘科,17.12,11.70516944,4.67,4.97
1150909,6679,鈺太,16.17,6.50000000,3.26,1.80
1150909,6680,鑫創電子,56.70,0.29941167,0.56,2.33
1150909,6683,雍智科技,61.16,9.00146991,0.66,13.35
1150909,6684,安格,N/A,0,0.00,1.32
1150909,6690,安碁資訊,14.75,9.00000000,5.57,1.60
1150909,6692,進能服,N/A,0.20302690,0.85,1.43
1150909,6693,廣閎科,36.55,0.60000000,0.33,6.58
1150909,6697,東捷資訊,13.20,2.60000000,6.44,1.83
1150909,6703,軒郁,9.79,1.00000000,1.00,2.56
1150909,6708,天擎,121.94,0,0.00,2.81
1150909,6712,長聖,33.98,3.99999998,2.53,5.66
1150909,6716,應廣,19.24,1.60148138,1.34,4.26
1150909,6720,久昌,35.79,3.50000001,2.67,4.50
1150909,6721,信實,9.98,3.30000000,6.53,1.75
1150909,6725,矽科宏晟,17.20,7.00000000,3.09,3.55
1150909,6727,亞泰金屬,47.52,4.50000000,0.89,9.39
1150909,6728,上洋,11.84,6.50000000,6.02,1.65
1150909,6730,常廣,16.93,1.50000000,4.69,1.57
1150909,6732,昇佳電子,21.25,5.50000000,3.73,1.56
1150909,6733,博晟生醫,N/A,0,0.00,3.26
1150909,6735,美達科技,44.21,0.70000000,1.13,3.02
1150909,6739,竹陞科技,50.83,13.00000000,1.08,27.14
1150909,6741,91APP*-KY,13.27,2.05466318,3.45,2.21
1150909,6751,智聯服務,7.15,3.00000000,7.27,0.98
1150909,6752,叡揚,14.13,4.80000000,4.94,2.69
1150909,6761,穩得,24.19,6.00000000,3.34,3.66
1150909,6762,達亞,336.00,1.00000026,0.60,4.53
1150909,6763,綠界科技*,9.90,3.00000000,7.33,2.52
1150909,6767,台微醫,N/A,0,0.00,1.68
1150909,6785,昱展新藥,N/A,0.10000000,0.11,2.66
1150909,6788,華景電,17.97,15.00000000,4.32,5.09
1150909,6791,虎門科技,20.95,3.50224411,3.53,4.39
1150909,6803,崑鼎,14.53,15.78463295,5.87,2.86
1150909,6804,明係,N/A,0.50000000,2.75,0.68
1150909,6811,宏碁資訊,13.82,10.50000000,4.71,3.98
1150909,6821,聯寶,22.97,1.08577891,2.70,1.73
1150909,6823,濾能,N/A,0,0.00,3.76
1150909,6829,千附精密,47.57,3.50000000,1.38,7.87
1150909,6840,東研信超,44.47,0.99915904,1.05,2.72
1150909,6841,長佳智能,79.25,1.00000000,1.88,3.17
1150909,6843,進典,20.13,2.00000000,5.28,1.52
1150909,6844,諾貝兒,18.26,4.00000000,6.68,0.72
1150909,6846,綠茵,12.49,3.94448057,6.72,1.73
1150909,6855,數泓科,12.12,5.50000000,4.58,3.16
1150909,6856,鑫傳,13.75,3.00000000,7.25,1.63
1150909,6859,伯特光,41.67,2.00000000,1.70,2.32
1150909,6865,偉康科技,N/A,1.40246153,5.44,1.18
1150909,6870,騰雲,33.37,5.18793963,1.80,5.56
1150909,6872,浩宇生醫,N/A,0,0.00,3.58
1150909,6874,倍力,16.57,4.00000000,5.83,3.14
1150909,6875,國邑*,N/A,0,0.00,3.02
1150909,6877,鏵友益,N/A,0.50000000,0.43,6.60
1150909,6881,潤德,10.43,18.50000000,8.69,4.16
1150909,6884,海柏特,15.99,1.50000000,4.89,1.78
1150909,6894,衛司特,21.45,8.50000000,2.51,4.87
1150909,6895,宏碩系統,302.94,2.90000000,1.88,5.88
1150909,6899,創為精密,11.32,2.80000000,5.62,1.12
1150909,6903,巨漢,14.52,8.50000000,2.69,5.71
1150909,6904,伯鑫,16.16,5.00000000,4.07,2.26
1150909,6907,雅特力-KY,39.26,0.99438385,0.51,7.56
1150909,6910,德鴻,13.30,1.75000000,7.11,1.66
1150909,6913,鴻呈,19.94,2.50000000,1.91,3.28
1150909,6922,宸曜,20.51,4.83000000,2.46,4.93
1150909,6925,意藍,16.92,2.00000000,4.06,2.53
1150909,6929,佑全,N/A,0,0.00,1.00
1150909,6945,圓祥生技,N/A,0,0.00,3.99
1150909,6953,家碩,25.44,6.00000000,2.42,4.52
1150909,6961,旅天下,19.26,5.00000000,10.10,1.45
1150909,6967,汎瑋材料,12.64,3.70000000,5.61,1.97
1150909,6968,萬達寵物,16.44,1.50000000,3.59,1.57
1150909,6971,惠民實業,10.87,1.50000000,6.00,1.11
1150909,6982,大井泵浦,N/A,1.59594502,3.55,2.10
1150909,6983,華洋精機,86.58,3.00000000,0.85,7.03
1150909,6986,和迅,18.27,0.22000000,0.54,1.99
1150909,6996,力領科技,11.33,10.00178580,5.87,2.65
1150909,6997,博弘,33.66,4.60000000,6.76,2.97
1150909,7402,邑錡,N/A,0.49936115,0.49,5.75
1150909,7547,碩網,15.94,1.77800547,3.61,1.71
1150909,7556,意德士,29.58,4.53536488,1.78,4.04
1150909,7584,樂意,N/A,0.40996082,1.55,0.97
1150909,7642,昶瑞機電,31.30,3.00000000,3.88,2.45
1150909,7703,銳澤,27.58,7.00000000,3.41,3.53
1150909,7704,明遠精密,18.98,1.79999999,2.95,1.77
1150909,7708,全家餐飲,12.27,5.50000000,5.96,2.35
1150909,7709,榮田,24.47,1.50000000,1.64,2.11
1150909,7712,博盛半導體,21.79,4.00000000,2.65,2.61
1150909,7713,威力德生醫,13.49,4.10000000,5.55,2.80
1150909,7714,創泓科技,20.50,5.00000000,3.15,5.75
1150909,7715,裕山,19.76,1.80000000,6.28,1.04
1150909,7716,昱臺國際,14.05,1.70000000,7.16,1.12
1150909,7717,萊德光電-KY,71.99,3.29284754,0.65,12.08
1150909,7718,友鋮,8.43,2.50000000,5.37,1.36
1150909,7723,築間,N/A,0,0.00,1.42
1150909,7728,光焱科技,99.52,5.10000360,0.81,12.03
1150909,7734,印能科技,62.82,19.85063330,0.67,12.35
1150909,7738,東聯互動,12.89,10.00000000,6.06,2.39
1150909,7743,金利食安,19.09,0.50000000,2.28,1.24
1150909,7744,崴寶,24.36,7.00000000,1.32,6.26
1150909,7747,昕奇雲端,22.90,4.00000000,3.57,3.19
1150909,7751,竑騰,62.40,18.00000000,1.12,18.34
1150909,7753,星亞,8.33,1.50000000,4.09,1.61
1150909,7757,金色三麥,11.09,7.75000000,8.62,2.17
1150909,7767,仁大資訊,9.91,3.00000000,6.68,1.50
1150909,7770,君曜,14.57,2.00000000,5.41,1.96
1150909,7772,耀穎,164.56,1.50000000,1.15,3.39
1150909,7777,能率亞洲,30.56,0.25000000,0.65,3.05
1150909,7782,光速火箭,11.71,2.01126370,7.84,1.30
1150909,7792,安葆,29.16,8.00000000,2.48,4.53
1150909,7794,宏碁智新,13.32,1.60000000,4.92,1.95
1150909,7805,威聯通,10.74,40.00000024,7.84,2.19
1150909,7810,捷創科技,25.49,5.00000000,2.24,4.76
1150909,7811,民盛,10.69,5.66995644,7.66,1.24
1150909,7814,海昌生技,207.86,0,0.00,3.99
1150909,7819,精誠金融,19.80,1.73875353,5.08,1.45
1150909,7820,立盈,51.09,1.50000000,1.28,3.57
1150909,7828,創新服務,210.95,4.52980585,0.22,16.30
1150909,7839,達人網,20.77,2.03529174,4.73,2.75
1150909,7842,天能綠電,22.76,3.20000000,3.20,2.15
1150909,8024,佑華,N/A,0,0.00,1.51
1150909,8027,鈦昇,593.33,0,0.00,6.60
1150909,8032,光菱,10.03,1.20000000,3.41,0.83
1150909,8034,榮群,17.50,1.20000000,5.91,1.70
1150909,8038,長園科,37.11,0,0.00,3.97
1150909,8040,九暘,990.00,0,0.00,3.08
1150909,8042,金山電,29.45,1.19592012,1.06,3.25
1150909,8043,蜜望實,33.90,0.90000000,0.64,3.94
1150909,8044,網家,N/A,0,0.00,0.73
1150909,8047,星雲,N/A,0,0.00,4.97
1150909,8048,德勝,14.52,2.30000000,4.56,2.47
1150909,8049,晶采,12.85,1.40000000,5.70,1.12
1150909,8050,廣積,21.30,2.14765656,3.85,1.51
1150909,8054,安國,N/A,0,0.00,3.45
1150909,8059,凱碩,N/A,0,0.00,1.52
1150909,8064,東捷,55.14,0.98096387,0.73,5.86
1150909,8066,來思達,N/A,0,0.00,0.97
1150909,8067,志旭,48.80,0,0.00,1.74
1150909,8068,全達,N/A,0,0.00,1.21
1150909,8069,元太,14.54,5.88820682,3.94,2.28
1150909,8071,能率網通,N/A,0,0.00,1.76
1150909,8074,鉅橡,28.47,1.10000000,2.11,2.23
1150909,8076,伍豐,156.07,0.70000000,3.20,1.71
1150909,8077,洛碁,6.42,2.00000000,4.60,1.81
1150909,8080,泰霖,N/A,0,0.00,3.46
1150909,8083,瑞穎,13.87,10.00000000,6.33,5.06
1150909,8084,巨虹,N/A,0,0.00,6.19
1150909,8085,福華,N/A,0,0.00,1.82
1150909,8086,宏捷科,21.18,1.68000000,1.48,2.63
1150909,8087,麗升能源,N/A,0,0.00,1.31
1150909,8088,品安,14.46,1.50000000,3.47,2.36
1150909,8089,康全電訊,N/A,0,0.00,1.20
1150909,8091,翔名,22.18,4.21513178,1.99,2.83
1150909,8092,建暐,85.00,0,0.00,1.35
1150909,8093,保銳,N/A,0,0.00,2.70
1150909,8096,擎亞,27.60,0.50000000,0.50,4.81
1150909,8097,常珵,N/A,0,0.00,3.06
1150909,8099,大世科,17.93,2.10000000,3.56,3.61
1150909,8102,傑霖科技,25.04,1.00000000,1.58,3.44
1150909,8107,大億金茂,9.84,0,0.00,0.58
1150909,8109,博大,17.43,4.50000000,3.47,3.51
1150909,8111,立碁,63.16,0.60000000,0.83,5.68
1150909,8121,越峰,336.88,0,0.00,2.84
1150909,8147,正淩,52.54,3.03000000,2.25,3.83
1150909,8155,博智,30.00,5.15772039,1.48,5.65
1150909,8171,天宇,N/A,0,0.00,1.21
1150909,8176,智捷,31.48,0,0.00,1.15
1150909,8182,加高,37.43,0.25000000,0.64,1.17
1150909,8183,精星,8.33,0.80000000,2.78,0.82
1150909,8227,巨有科技,38.45,1.70000000,0.86,6.53
1150909,8234,新漢,N/A,0.40000000,0.61,3.06
1150909,8240,華宏,22.26,1.30000000,2.49,1.09
1150909,8255,朋程,20.52,3.49512450,2.52,1.54
1150909,8272,全景軟體,13.76,2.80000000,4.44,2.03
1150909,8277,商丞,N/A,0,0.00,1.69
1150909,8279,生展,9.47,5.00000000,6.33,0.91
1150909,8284,三竹,10.18,4.00287477,6.01,2.36
1150909,8289,泰藝,40.90,0.15000000,0.35,1.80
1150909,8291,尚茂,N/A,0,0.00,9.02
1150909,8299,群聯,9.55,23.19257389,1.11,4.52
1150909,8342,益張,11.26,5.00000000,5.88,2.78
1150909,8349,恒耀,15.10,1.53599810,3.99,1.10
1150909,8354,冠好,6.40,0.11000000,0.63,0.62
1150909,8358,金居,78.39,2.00000000,0.38,14.28
1150909,8383,千附,13.79,2.50000000,3.67,2.02
1150909,8390,金益鼎,10.84,3.80000000,3.89,2.49
1150909,8401,白紗科,8.65,1.20000000,5.27,1.33
1150909,8403,盛弘,16.06,0.60000000,3.17,0.79
1150909,8409,商之器,17.94,0,0.00,1.95
1150909,8410,森田,6.67,1.60000000,5.46,0.58
1150909,8415,大國鋼,9.24,1.50000000,4.09,1.29
1150909,8416,實威,11.56,8.50000000,5.00,2.96
1150909,8421,旭源,30.71,0,0.00,0.95
1150909,8423,保綠-KY,16.96,0.70000000,3.86,1.23
1150909,8424,惠普,11.05,5.00000000,7.29,2.24
1150909,8426,紅木-KY,9.74,0.80000000,3.86,0.90
1150909,8431,匯鑽科,N/A,0,0.00,4.27
1150909,8432,東生華,11.56,2.61000000,5.19,1.36
1150909,8433,弘帆,7.44,4.20000000,7.76,1.24
1150909,8435,鉅邁,10.47,3.20000000,5.96,2.01
1150909,8436,大江,12.27,6.01343369,5.57,1.55
1150909,8437,大地-KY,N/A,0,0.00,0.18
1150909,8440,綠電,20.10,0.20000000,1.01,1.50
1150909,8444,綠河-KY,N/A,0,0.00,4.27
1150909,8446,華研,10.97,8.00000000,9.29,2.26
1150909,8450,霹靂,N/A,0,0.00,1.81
1150909,8455,大拓-KY,43.08,0,0.00,1.01
1150909,8472,夠麻吉,N/A,0,0.00,5.22
1150909,8477,創業家,N/A,0,0.00,1.83
1150909,8489,三貝德,33.26,0,0.00,1.38
1150909,8905,裕國,43.02,0.71000000,2.04,1.47
1150909,8906,花王,N/A,0,0.00,2.58
1150909,8908,欣雄,19.19,1.80434060,4.46,3.11
1150909,8916,光隆,14.24,3.03398441,7.40,1.21
1150909,8917,欣泰,21.28,2.10000000,3.95,3.29
1150909,8921,沈氏,N/A,0.26590000,1.62,0.67
1150909,8923,時報,22.56,0.90000000,4.99,1.24
1150909,8924,大田,18.40,4.30000000,8.50,1.09
1150909,8927,北基,20.43,0.30624815,1.63,1.41
1150909,8928,鉅明,9.92,0.80000000,3.40,1.09
1150909,8929,富堡,37.14,0,0.00,0.82
1150909,8930,青鋼,11.35,2.20000000,7.46,1.72
1150909,8931,大汽電,35.00,1.60000000,3.91,2.53
1150909,8932,智通*,44.27,2.64230000,1.41,13.48
1150909,8933,愛地雅,N/A,0,0.00,0.97
1150909,8935,邦泰,N/A,0,0.00,2.36
1150909,8936,國統,11.80,3.00000000,5.86,2.01
1150909,8937,合騏*,507.50,0,0.00,5.50
1150909,8938,明安,9.89,4.00000000,7.71,1.04
1150909,8941,關中,14.42,1.00000000,2.25,1.55
1150909,8942,森鉅,7.91,1.00000000,2.39,0.81
1150909,9949,琉園,3.94,2.20000000,9.17,2.16
1150909,9950,萬國通,N/A,0,0.00,1.22
1150909,9951,皇田,8.73,3.25321420,6.56,0.94
1150909,9960,邁達康,14.21,1.55036921,4.79,1.54
1150909,9962,有益,43.70,0,0.00,0.84
1150910,1240,茂生農經,10.28,0.50000000,0.90,1.63
1150910,1259,安心,18.42,1.20000000,1.84,0.75
1150910,1264,德麥,11.75,15.00000000,6.02,2.60
1150910,1268,漢來美食,13.09,8.00000000,4.64,3.03
1150910,1294,漢田生技,10.86,5.00000000,9.43,1.96
1150910,1295,生合,11.04,3.00000000,6.59,1.20
1150910,1336,台翰,22.07,0.26000000,1.57,0.68
1150910,1565,精華,12.23,5.80000000,5.91,0.77
1150910,1569,濱川,N/A,0,0.00,2.37
1150910,1570,力肯,46.52,1.00000000,3.12,1.59
1150910,1580,新麥,8.59,8.50000000,8.63,1.56
1150910,1584,精剛,30.78,0.25835500,1.45,0.86
1150910,1586,和勤,48.92,0,0.00,0.91
1150910,1591,駿吉-KY,N/A,0,0.00,3.10
1150910,1593,祺驊,8.00,2.00000000,6.36,0.92
1150910,1595,川寶,N/A,0.46744739,0.74,1.30
1150910,1599,宏佳騰,N/A,0.50000000,2.15,0.91
1150910,1742,台蠟,N/A,0,0.00,1.28
1150910,1777,生泰,10.08,4.00000000,5.34,1.30
1150910,1780,立弘,14.94,1.25000000,5.04,1.78
1150910,1781,合世,N/A,0,0.00,1.58
1150910,1784,訊聯,54.63,0.87236746,1.48,2.40
1150910,1785,光洋科,14.69,2.00009900,2.03,3.61
1150910,1788,杏昌,14.55,7.00000000,5.47,1.93
1150910,1796,金穎生技,72.56,0.70000000,2.35,1.57
1150910,1799,易威,N/A,0,0.00,5.24
1150910,1813,寶利徠,49.35,0,0.00,0.76
1150910,1815,富喬,36.52,1.00003420,0.79,5.38
1150910,2035,唐榮,N/A,0,0.00,3.94
1150910,2061,風青,42.70,0,0.00,4.08
1150910,2063,世鎧,13.09,1.49999994,6.26,1.20
1150910,2064,晉椿,612.50,0,0.00,0.91
1150910,2065,世豐,9.41,1.50000000,4.18,1.26
1150910,2066,世德,14.44,2.15000000,4.08,1.08
1150910,2067,嘉鋼,N/A,0,0.00,1.11
1150910,2070,精湛,22.51,1.50000000,2.42,2.19
1150910,2073,雄順,N/A,0.30000000,1.13,1.86
1150910,2221,大甲,31.85,1.50000000,1.55,3.77
1150910,2230,泰茂,N/A,0.60895126,2.74,1.40
1150910,2235,謚源,20.81,1.50000000,5.30,0.85
1150910,2596,綠意,12.91,1.50000000,4.26,1.63
1150910,2640,大車隊,16.28,8.00000000,5.16,4.59
1150910,2641,正德,7.73,0.50000000,2.80,0.70
1150910,2643,捷迅,8.76,4.50000000,7.15,1.13
1150910,2718,全心投控,3.90,5.57001412,13.72,0.57
1150910,2719,燦星旅,28.04,0,0.00,1.79
1150910,2724,藝舍-KY,N/A,0,0.00,1.44
1150910,2726,雅茗-KY,N/A,0,0.00,0.87
1150910,2729,瓦城,25.45,6.93003843,4.47,2.91
1150910,2732,六角,18.26,3.50000000,5.57,1.58
1150910,2734,易飛網,N/A,0,0.00,1.28
1150910,2736,富野,N/A,0,0.00,0.67
1150910,2740,華軒,N/A,0,0.00,4.08
1150910,2743,山富,14.32,3.20000000,6.07,2.17
1150910,2745,五福,8.81,7.50000000,8.64,3.20
1150910,2751,王座,10.55,3.99134413,7.49,2.44
1150910,2752,豆府,11.01,13.50000000,7.52,3.87
1150910,2754,亞洲藏壽司,15.81,1.00000000,1.44,1.78
1150910,2755,揚秦,13.86,5.91501916,5.99,3.35
1150910,2756,聯發國際,15.20,3.30000000,5.16,2.82
1150910,2916,滿心,10.34,3.60000000,8.98,1.68
1150910,2924,宏太-KY,N/A,0,0.00,1.96
1150910,2926,誠品生活,47.62,0.46000000,1.53,2.31
1150910,2937,集雅社,10.66,3.10000000,7.13,1.73
1150910,2941,米斯特,13.49,2.28000000,7.19,1.41
1150910,2947,振宇五金,18.78,1.00000000,1.62,1.62
1150910,2948,寶陞,17.73,2.25123097,5.88,1.16
1150910,2949,欣新網,17.99,2.03099616,3.19,1.79
1150910,3064,泰偉,N/A,0,0.00,4.65
1150910,3066,李洲,3.98,0,0.00,1.19
1150910,3067,全域,550.00,0,0.00,1.33
1150910,3071,協禧,40.09,0.80000000,3.44,1.66
1150910,3073,天方能源,N/A,0,0.00,1.32
1150910,3078,僑威,12.10,4.00000000,9.18,1.45
1150910,3081,聯亞,243.55,4.00000000,0.14,55.48
1150910,3083,網龍,31.16,0.33000000,1.45,1.52
1150910,3085,新零售,N/A,0,0.00,2.07
1150910,3086,華義*,N/A,0,0.00,26.73
1150910,3088,艾訊,15.79,2.93044459,2.33,2.52
1150910,3093,港建*,45.51,1.15000000,2.58,4.11
1150910,3095,及成,14.47,0,0.00,2.83
1150910,3105,穩懋,54.23,2.00000000,0.43,4.47
1150910,3114,好德,9.38,1.40000000,4.62,1.19
1150910,3115,富榮綱,N/A,0,0.00,1.17
1150910,3118,進階,13.42,2.20000000,7.01,1.89
1150910,3122,笙泉,N/A,0,0.00,3.05
1150910,3128,昇銳,17.30,1.00000000,5.03,1.21
1150910,3131,弘塑,43.56,46.08446132,1.87,22.38
1150910,3141,晶宏,30.20,0.35778786,0.39,2.48
1150910,3147,大綜,13.89,6.50000000,2.91,5.05
1150910,3152,璟德,25.03,7.11102372,3.15,2.42
1150910,3158,嘉實,11.68,6.50000000,7.74,2.70
1150910,3162,精確,112.38,0.86510256,1.22,2.65
1150910,3163,波若威,72.14,3.50000000,0.50,17.33
1150910,3169,亞信,26.64,3.20000000,3.15,3.63
1150910,3171,炎洲流通,9.93,4.64034443,7.73,3.21
1150910,3176,基亞,N/A,0,0.00,3.30
1150910,3178,公準,188.44,0,0.00,2.25
1150910,3188,鑫龍騰,3.38,3.19551547,13.37,1.34
1150910,3191,雲嘉南,21.01,0,0.00,2.96
1150910,3205,佰研,N/A,0,0.00,3.20
1150910,3206,志豐,20.35,1.50000000,4.26,1.33
1150910,3207,耀勝,N/A,0,0.00,1.50
1150910,3211,順達,50.40,11.46554000,3.07,6.44
1150910,3213,茂訊,12.77,7.00000000,5.71,1.84
1150910,3217,優群,10.10,10.00000000,7.84,2.37
1150910,3218,大學光,10.14,7.75000000,5.66,3.00
1150910,3219,倚強科,26.60,1.35953500,1.54,4.17
1150910,3221,台嘉碩,46.98,0.27699409,0.58,2.31
1150910,3224,三顧,N/A,0,0.00,1.87
1150910,3226,龍鋒,310.00,0,0.00,1.94
1150910,3227,原相,15.49,10.00700533,5.45,1.84
1150910,3228,金麗科,N/A,0,0.00,17.92
1150910,3230,錦明,N/A,0,0.00,4.04
1150910,3232,昱捷,27.46,0.50000000,2.56,1.31
1150910,3234,光環,N/A,0,0.00,31.25
1150910,3236,千如,62.50,0.50000000,1.11,2.64
1150910,3252,海灣,N/A,0,0.00,0.39
1150910,3259,鑫創,N/A,0,0.00,2.39
1150910,3260,威剛,5.26,17.00000000,4.18,3.35
1150910,3264,欣銓,31.33,4.20000000,1.75,5.80
1150910,3265,台星科,23.98,4.10000000,2.40,3.69
1150910,3268,海德威,N/A,0,0.00,1.28
1150910,3272,東碩,N/A,0,0.00,0.97
1150910,3276,宇環,65.23,0.06000000,0.42,1.15
1150910,3284,太普高,8.22,0.50000000,2.51,1.39
1150910,3285,微端,22.12,0.50000000,1.23,2.78
1150910,3287,廣寰科,4.48,1.50000000,4.20,1.94
1150910,3288,點晶,N/A,0,0.00,3.11
1150910,3289,宜特,30.26,4.45846576,3.23,2.52
1150910,3290,東浦,7.83,1.50000000,3.24,1.67
1150910,3293,鈊象,16.27,36.00000000,5.11,13.12
1150910,3294,英濟,N/A,0,0.00,1.65
1150910,3297,杭特,29.89,0,0.00,1.60
1150910,3303,岱稜,9.78,3.00000000,6.12,1.93
1150910,3306,鼎天,101.70,1.70000000,3.80,0.56
1150910,3310,佳穎,25.96,3.50000000,5.19,2.80
1150910,3313,斐成,N/A,0,0.00,1.09
1150910,3317,尼克森,27.86,0.50000000,0.89,1.53
1150910,3322,建舜電,N/A,0,0.00,0.97
1150910,3323,加百裕,N/A,0,0.00,1.13
1150910,3324,雙鴻,33.21,11.90330569,0.83,10.10
1150910,3325,旭品,N/A,0,0.00,1.27
1150910,3332,幸康,15.82,2.00000000,3.20,1.59
1150910,3339,泰谷,N/A,0,0.00,3.94
1150910,3349,寶德,N/A,0,0.00,3.08
1150910,3354,律勝,N/A,0,0.00,2.75
1150910,3357,臺慶科,19.42,5.08481026,2.46,2.10
1150910,3360,尚立,1465.00,0,0.00,1.35
1150910,3362,先進光,N/A,0,0.00,6.87
1150910,3363,上詮,N/A,0,0.00,14.19
1150910,3372,典範,N/A,0,0.00,1.70
1150910,3373,熱映,N/A,1.10000000,6.88,0.97
1150910,3374,精材,76.61,2.50000000,0.51,13.43
1150910,3379,彬台,26.37,1.20000000,4.46,1.69
1150910,3388,崇越電,15.30,3.33740548,4.02,1.30
1150910,3390,旭軟,N/A,0.19906365,0.91,1.21
1150910,3402,漢科,17.34,6.00000000,4.82,4.30
1150910,3430,奇鈦科,22.35,1.60000000,1.55,2.94
1150910,3434,哲固,78.51,1.20000000,4.13,2.23
1150910,3438,類比科,41.82,1.50000000,2.42,1.06
1150910,3441,聯一光,62.14,0.85000000,0.56,7.29
1150910,3444,利機,40.90,1.80000000,2.21,3.49
1150910,3455,由田,64.15,3.50000000,1.53,5.71
1150910,3465,進泰電子,N/A,0,0.00,1.32
1150910,3466,德晉,N/A,0,0.00,1.38
1150910,3467,台灣精材,46.35,0.50000000,0.94,2.75
1150910,3479,安勤,18.24,4.62305290,3.48,2.89
1150910,3483,力致,26.39,3.00000000,3.91,1.55
1150910,3484,崧騰,12.92,2.50000000,5.59,1.08
1150910,3485,敘豐,33.64,4.50000000,2.26,3.19
1150910,3489,森寶,N/A,3.00000000,13.51,2.14
1150910,3490,單井,6.46,0.50000000,1.22,1.42
1150910,3491,昇達科,107.71,6.80000000,0.50,20.53
1150910,3492,長盛,14.96,1.10000000,5.70,1.07
1150910,3498,陽程,43.51,0,0.00,4.63
1150910,3499,環天科,N/A,0,0.00,1.73
1150910,3508,位速,N/A,0,0.00,4.10
1150910,3511,矽瑪,N/A,0,0.00,1.20
1150910,3512,皇龍,10.16,1.80000000,9.38,0.87
1150910,3516,亞帝歐,37.25,0.20000000,0.78,0.98
1150910,3520,華盈,N/A,0,0.00,1.51
1150910,3521,台鋼建設,7.05,0,0.00,0.99
1150910,3522,御嵿,N/A,0,0.00,1.77
1150910,3523,迎輝,N/A,0,0.00,2.54
1150910,3526,凡甲,15.37,16.84112667,6.17,4.41
1150910,3527,聚積,N/A,1.00000000,2.02,0.98
1150910,3529,力旺,91.58,20.50000000,0.75,58.46
1150910,3531,先益,16.17,0.50000000,2.34,0.70
1150910,3537,堡達,11.57,2.00000000,3.77,2.32
1150910,3540,曜越,25.34,0.25737554,1.15,0.90
1150910,3541,西柏,68.75,0,0.00,1.69
1150910,3546,宇峻,14.72,2.50000015,3.38,2.74
1150910,3548,兆利,220.27,1.00000000,1.23,0.89
1150910,3551,世禾,18.90,4.80000000,2.70,2.19
1150910,3552,同致,N/A,0.50000000,1.19,0.94
1150910,3555,博士旺,22.06,0,0.00,9.16
1150910,3556,禾瑞亞,15.27,1.95000000,3.47,2.97
1150910,3558,神準,56.31,3.00000000,2.49,1.19
1150910,3564,其陽,131.39,0.27000000,0.57,2.02
1150910,3567,逸昌,22.75,1.00000000,3.96,1.54
1150910,3570,大塚,11.40,9.70000000,5.95,2.61
1150910,3577,泓格,25.06,2.00000000,1.83,4.73
1150910,3580,友威科,53.21,1.20000000,1.39,3.28
1150910,3581,博磊,42.95,0.60000000,0.60,5.66
1150910,3587,閎康,37.23,4.20831878,1.72,2.96
1150910,3594,磐儀,36.50,0.39763206,0.86,1.94
1150910,3597,映興,33.50,0.40000000,1.49,1.76
1150910,3609,三一東林,2.96,0,0.00,1.64
1150910,3611,鼎翰,8.86,10.00000000,5.46,1.37
1150910,3615,安可,11.25,0.70000000,1.99,1.03
1150910,3623,富晶通,28.83,0,0.00,2.10
1150910,3624,光頡,35.47,1.10000000,0.97,3.73
1150910,3625,西勝,N/A,0,0.00,2.57
1150910,3628,盈正,18.47,3.25000000,4.26,2.14
1150910,3629,地心引力,N/A,0,0.00,15.23
1150910,3630,新鉅科,N/A,0,0.00,1.85
1150910,3631,晟楠,N/A,0,0.00,2.67
1150910,3632,研勤,N/A,0,0.00,2.51
1150910,3646,艾恩特,N/A,0.90000000,3.72,1.97
1150910,3663,鑫科,260.87,0,0.00,2.01
1150910,3664,安瑞-KY,N/A,0,0.00,5.79
1150910,3666,光耀,N/A,0,0.00,2.02
1150910,3672,康聯訊,N/A,0,0.00,1.64
1150910,3675,德微,47.03,4.00000000,1.49,4.86
1150910,3680,家登,35.98,6.89733964,1.29,3.96
1150910,3684,榮昌,13.40,2.77366165,5.14,2.31
1150910,3685,元創精密,N/A,0,0.00,4.00
1150910,3687,歐買尬,14.39,2.00283945,3.20,1.20
1150910,3689,湧德,13.61,3.64839886,3.32,1.98
1150910,3691,碩禾,35.51,0,0.00,1.48
1150910,3693,營邦,44.81,8.00000000,1.16,5.66
1150910,3707,漢磊,N/A,0,0.00,2.84
1150910,3709,鑫聯大投控,5.58,2.15652134,3.42,1.85
1150910,3713,新晶投控,N/A,0,0.00,1.85
1150910,4102,永日,N/A,0,0.00,1.31
1150910,4105,東洋,11.10,4.50000000,5.81,2.77
1150910,4107,邦特,13.28,5.50000000,4.87,2.22
1150910,4109,加捷生醫,366.67,0.20000000,1.82,0.80
1150910,4111,濟生,9.16,1.30000000,4.49,1.24
1150910,4113,聯上,N/A,0,0.00,0.87
1150910,4114,健喬,18.36,1.64686448,5.54,1.72
1150910,4116,明基醫,15.11,2.00000000,5.01,1.61
1150910,4120,友華,N/A,4.00000000,8.70,0.76
1150910,4121,優盛,N/A,0,0.00,0.74
1150910,4123,晟德,22.82,2.24574930,7.40,1.33
1150910,4126,太醫,12.98,4.50000000,5.80,1.97
1150910,4127,天良,41.46,0,0.00,5.52
1150910,4128,中天,16.52,0,0.00,0.91
1150910,4129,聯合,14.51,4.50000000,5.42,2.05
1150910,4131,浩泰,N/A,0,0.00,4.35
1150910,4138,曜亞,14.45,4.20000000,7.94,1.34
1150910,4139,馬光-KY,N/A,0,0.00,4.50
1150910,4147,中裕,N/A,0,0.00,4.54
1150910,4153,鈺緯,19.85,2.00000000,6.14,1.97
1150910,4154,樂威科-KY,N/A,0,0.00,1.97
1150910,4157,太景*-KY,40.27,0,0.00,6.15
1150910,4160,訊聯基因,58.06,0.49583493,1.27,2.11
1150910,4161,聿新科,12.40,0.70000000,3.12,1.36
1150910,4162,智擎,14.81,2.00000000,3.65,1.60
1150910,4163,鐿鈦,21.90,3.50000000,2.71,2.42
1150910,4166,友霖,24.59,0,0.00,2.18
1150910,4167,松瑞藥,5.75,1.48456341,7.77,1.35
1150910,4168,醣聯,N/A,0,0.00,2.86
1150910,4171,瑞基,N/A,0,0.00,1.65
1150910,4173,久裕,21.38,1.04000000,6.08,0.67
1150910,4174,浩鼎,N/A,0,0.00,2.31
1150910,4175,杏一,13.46,3.00000000,5.88,1.42
1150910,4183,福永生技,N/A,0,0.00,1.25
1150910,4188,安克,N/A,0,0.00,1.90
1150910,4192,杏國,N/A,0,0.00,3.03
1150910,4198,欣大健康,N/A,0,0.00,5.77
1150910,4205,中華食,17.36,3.50000000,5.08,3.11
1150910,4207,環泰,10.51,1.20000000,6.08,1.36
1150910,4303,信立,3.97,5.00000002,13.55,1.03
1150910,4304,勝昱,N/A,0,0.00,3.53
1150910,4305,世坤,8.60,3.10000000,7.40,1.91
1150910,4401,東隆興,12.26,0.60000000,4.33,0.63
1150910,4402,郡都開發,N/A,0,0.00,1.69
1150910,4406,新昕纖,N/A,0,0.00,0.85
1150910,4413,飛寶企業,15.40,0.30000000,1.57,1.75
1150910,4416,三圓,3.61,0,0.00,0.42
1150910,4417,金洲,9.17,3.50000000,7.34,1.27
1150910,4419,皇家美食,N/A,0,0.00,8.42
1150910,4420,光明,29.25,3.00000000,7.65,1.12
1150910,4430,耀億,44.87,0.50000000,2.86,0.56
1150910,4432,銘旺實,3.29,0.40000000,2.56,0.50
1150910,4433,興采,16.74,1.00000000,5.33,0.63
1150910,4442,竣邦-KY,11.09,3.40267927,6.30,2.01
1150910,4502,健信,N/A,0,0.00,1.65
1150910,4503,金雨,6.22,0,0.00,0.97
1150910,4506,崇友,15.63,5.30000000,4.38,3.76
1150910,4510,高鋒,46.11,0,0.00,2.54
1150910,4513,福裕,N/A,0,0.00,1.43
1150910,4523,永彰,0.92,2.64194037,10.76,0.87
1150910,4527,方土霖,9.45,3.00000000,7.36,1.81
1150910,4528,江興鍛,N/A,0.20000000,1.34,0.55
1150910,4529,淳紳,N/A,0,0.00,1.49
1150910,4530,天意能創,1290.00,0,0.00,2.07
1150910,4533,協易機,41.42,0.17759470,0.71,1.53
1150910,4534,慶騰,61.04,0,0.00,3.56
1150910,4535,至興,19.72,0.80000000,2.86,0.86
1150910,4538,大詠城,45.13,1.00000000,5.68,1.27
1150910,4541,晟田,14.76,1.40000000,2.41,2.24
1150910,4542,科嶠,126.83,0.93456890,0.34,10.15
1150910,4543,萬在,11.19,0.70000000,2.44,0.92
1150910,4549,桓達,23.66,3.20000000,3.32,2.91
1150910,4550,長佳,12.41,1.22000000,5.09,0.97
1150910,4554,橙的,10.20,2.00000000,6.98,1.46
1150910,4556,旭然,80.37,0.60000000,0.70,4.39
1150910,4558,寶緯,19.56,0,0.00,0.98
1150910,4561,健椿,24.09,0.20000000,0.49,1.70
1150910,4563,百德,N/A,0,0.00,1.75
1150910,4568,科際精密,21.39,1.98027127,5.14,1.16
1150910,4577,達航科技,N/A,0,0.00,4.53
1150910,4580,捷流閥業,13.40,4.00000000,4.93,1.38
1150910,4584,君帆,15.34,2.00000000,5.26,1.09
1150910,4609,唐鋒,22.11,0,0.00,1.54
1150910,4702,中美實,4.21,0.50000000,5.35,0.51
1150910,4706,大恭,32.30,0.30000000,0.84,1.83
1150910,4707,磐亞,20.74,0.50000000,1.87,1.31
1150910,4711,永純,19.59,0.50000000,3.00,0.99
1150910,4714,永捷,N/A,0,0.00,0.92
1150910,4716,大立,29.31,0,0.00,1.41
1150910,4721,美琪瑪,14.67,2.30000000,3.16,3.78
1150910,4726,永昕,N/A,0,0.00,3.43
1150910,4728,雙美,26.24,12.10000000,3.09,14.88
1150910,4729,熒茂,41.11,0,0.00,1.25
1150910,4735,豪展,6.40,2.00000000,5.61,1.21
1150910,4741,泓瀚,31.40,0.30000000,0.79,1.42
1150910,4743,合一,350.38,0,0.00,2.13
1150910,4744,皇將,17.55,1.00000000,3.77,1.21
1150910,4745,合富-KY,N/A,0,0.00,0.27
1150910,4747,強生*,25.71,1.05000000,2.08,1.32
1150910,4749,新應材,58.73,8.00000000,1.06,6.79
1150910,4754,國碳科,11.67,2.30000000,6.10,2.13
1150910,4760,勤凱,27.46,4.69932155,1.75,6.39
1150910,4767,誠泰科技,11.38,1.10000000,3.76,0.94
1150910,4768,晶呈科技,N/A,1.00000000,0.33,10.26
1150910,4772,台特化,43.68,3.00000000,1.24,9.66
1150910,4806,桂田文創,N/A,0,0.00,1.44
1150910,4903,聯光通,28.05,0.30000000,0.84,3.24
1150910,4905,台聯電,6.82,1.50000000,1.78,0.79
1150910,4907,富宇,6.13,1.50000000,3.41,1.70
1150910,4908,前鼎,99.20,1.00000000,0.40,11.04
1150910,4909,新復興,47.03,0,0.00,1.28
1150910,4911,德英,21.33,1.96606813,6.83,2.09
1150910,4923,力士,N/A,0,0.00,3.70
1150910,4924,欣厚-KY,16.13,0,0.00,1.21
1150910,4931,新盛力,40.94,2.50000000,1.02,9.93
1150910,4933,友輝,7.18,2.88744052,5.57,1.11
1150910,4939,亞電,95.81,0.25000000,0.30,5.33
1150910,4946,辣椒,40.78,0,0.00,4.85
1150910,4950,金耘國際,19.94,0,0.00,1.64
1150910,4951,精拓科,12.87,4.50000000,5.48,2.99
1150910,4953,緯致,11.81,5.14055403,4.37,2.04
1150910,4966,譜瑞-KY,17.18,17.79115820,3.29,1.87
1150910,4971,IET-KY,149.63,0.84741153,0.14,6.41
1150910,4972,湯石照明,N/A,0,0.00,0.64
1150910,4973,廣穎,8.12,1.00000000,0.69,2.71
1150910,4974,亞泰,14.75,3.90000000,5.42,1.59
1150910,4979,華星光,93.45,2.15335026,0.38,18.31
1150910,4991,環宇-KY,152.02,0,0.00,13.29
1150910,4995,晶達,14.09,1.99286251,4.02,2.23
1150910,5009,榮剛,15.50,1.20000000,3.69,1.05
1150910,5011,久陽,N/A,0,0.00,0.96
1150910,5013,強新,13.84,0.70000000,2.31,1.03
1150910,5014,建錩,N/A,0.50000000,5.01,0.69
1150910,5015,華祺,14.47,0.50000000,2.29,1.10
1150910,5016,松和,12.53,1.00000000,4.07,0.81
1150910,5201,凱衛,N/A,0.50000000,1.68,1.81
1150910,5202,力新,N/A,0.20000000,1.71,0.99
1150910,5205,中茂,N/A,0,0.00,3.61
1150910,5206,坤悅,7.87,1.50000000,6.59,0.95
1150910,5209,新鼎,9.14,12.94579196,7.78,4.59
1150910,5210,寶碩,26.95,0,0.00,2.88
1150910,5211,蒙恬,N/A,0,0.00,1.91
1150910,5212,凌網,7.29,4.20000000,9.09,2.87
1150910,5213,亞昕,12.95,2.80000000,13.43,1.04
1150910,5220,萬達光電,122.50,0.30000000,1.53,1.04
1150910,5223,安力-KY,N/A,0,0.00,0.43
1150910,5227,立凱-KY,N/A,0,0.00,3.74
1150910,5228,鈺鎧,20.22,0,0.00,2.71
1150910,5230,雷笛克光學,N/A,0.50000000,2.63,0.80
1150910,5245,智晶,N/A,0,0.00,1.60
1150910,5251,天鉞電,23.02,0,0.00,2.00
1150910,5263,智崴,48.10,0,0.00,1.88
1150910,5272,笙科,N/A,0,0.00,1.14
1150910,5274,信驊,124.74,81.00000000,0.43,90.73
1150910,5276,達輝-KY,16.81,0.80000000,4.53,1.34
1150910,5278,尚凡*,21.05,1.22289304,5.10,1.92
1150910,5287,數字,8.84,11.15000008,8.26,2.93
1150910,5289,宜鼎,7.17,17.03414478,1.32,5.34
1150910,5291,邑昇,49.26,0,0.00,2.43
1150910,5299,杰力,11.67,3.66000000,3.91,1.44
1150910,5301,寶得利,N/A,0,0.00,0.69
1150910,5302,太欣,N/A,0,0.00,1.26
1150910,5309,系統電,294.71,0.49890434,1.00,2.18
1150910,5310,天剛,12.13,0,0.00,2.12
1150910,5312,寶島科,12.36,6.50000000,7.18,1.27
1150910,5314,世紀*,10.11,31.61882035,67.56,7.56
1150910,5315,光聯,10.99,1.60000000,8.77,1.12
1150910,5321,美而快,N/A,0,0.00,6.26
1150910,5324,士開,N/A,0,0.00,1.88
1150910,5328,華容,81.83,0.35000000,0.60,4.42
1150910,5340,建榮,47.09,0.60000000,0.70,7.04
1150910,5344,立衛,N/A,0,0.00,2.08
1150910,5345,馥鴻,N/A,0,0.00,4.02
1150910,5347,世界,34.96,4.47377334,2.77,4.82
1150910,5348,正能量智能,N/A,0,0.00,2.24
1150910,5351,鈺創,17.88,0,0.00,5.26
1150910,5353,台林,15.30,0.99912875,3.61,1.44
1150910,5355,佳總,N/A,0,0.00,1.33
1150910,5356,協益,11.80,2.00000000,7.63,0.62
1150910,5364,力麗店,N/A,0,0.00,0.77
1150910,5381,光譜,30.00,0,0.00,2.14
1150910,5386,青雲,4.41,6.50000000,2.09,3.51
1150910,5392,能率,60.07,0.40000001,0.98,1.24
1150910,5398,慕康生醫,142.00,0,0.00,1.35
1150910,5403,中菲,11.79,6.50000000,7.01,2.84
1150910,5410,國眾,10.41,2.07469706,5.86,2.06
1150910,5425,台半,32.47,2.02154968,2.26,2.86
1150910,5426,振發,44.29,0.30000000,1.08,1.74
1150910,5432,新門,16.49,1.50000000,0.98,6.10
1150910,5438,東友,N/A,0.75000000,4.49,0.58
1150910,5439,高技,14.26,7.19992263,2.79,5.94
1150910,5443,均豪,47.58,2.20000000,2.04,0.86
1150910,5450,南良,21.45,0.25000000,1.69,1.01
1150910,5452,佶優,48.55,0.25000000,0.94,1.82
1150910,5455,昇益,N/A,0,0.00,1.42
1150910,5457,宣德,35.60,1.50020312,5.62,0.95
1150910,5460,同協,101.18,0,0.00,1.36
1150910,5464,霖宏,190.64,0,0.00,4.82
1150910,5465,富驊,15.09,1.20000000,4.97,1.44
1150910,5468,凱鈺,N/A,0,0.00,2.92
1150910,5474,聰泰,25.38,4.00000000,2.69,3.01
1150910,5475,德宏,143.02,0,0.00,21.53
1150910,5478,智冠,11.92,7.50000000,7.73,1.67
1150910,5481,新華,N/A,0,0.00,1.19
1150910,5483,中美晶,19.96,3.50000000,1.96,2.15
1150910,5487,通泰,N/A,0,0.00,1.36
1150910,5488,松普,N/A,0.06000000,0.51,1.06
1150910,5489,彩富,19.59,1.50000000,3.66,1.81
1150910,5490,同亨,12.45,1.50000000,5.85,1.77
1150910,5493,三聯,15.33,2.70000000,3.14,2.07
1150910,5498,凱崴,150.29,0.25000000,0.48,4.65
1150910,5508,永信建,17.35,2.77637000,5.23,2.11
1150910,5511,德昌,4.89,5.58871650,8.01,1.09
1150910,5512,力麒,55.21,0.10000000,1.29,0.44
1150910,5514,三豐,62.50,0,0.00,0.99
1150910,5516,雙喜,11.86,0,0.00,1.34
1150910,5520,力泰,8.33,7.00000000,8.54,1.50
1150910,5523,豐謙,N/A,0.50000000,1.65,1.66
1150910,5529,鉅陞,6.84,0.38609252,1.58,1.61
1150910,5530,龍巖,14.75,0,0.00,0.66
1150910,5536,聖暉*,21.59,20.00000000,2.31,6.45
1150910,5543,桓鼎-KY,58.51,0,0.00,2.57
1150910,5547,久舜,10.18,1.94126126,9.78,1.22
1150910,5548,安倉,10.28,1.87808456,9.18,1.05
1150910,5601,台聯櫃,75.61,0.38000000,1.23,1.46
1150910,5603,陸海,34.38,0.50000000,3.64,0.77
1150910,5604,中連,29.76,2.00000000,6.40,1.74
1150910,5609,中菲行,10.27,5.60000000,7.12,1.76
1150910,5701,劍湖山,N/A,0,0.00,1.36
1150910,5703,亞都,16.22,0,0.00,1.69
1150910,5704,老爺知,163.57,0,0.00,1.38
1150910,5864,致和證,2.56,1.60000000,4.51,1.25
1150910,5878,台名,15.16,2.40000000,6.31,1.83
1150910,5902,德記,16.20,1.65000000,4.87,2.59
1150910,5903,全家,23.57,6.50000000,3.51,4.71
1150910,5904,寶雅*,21.03,25.50000000,3.56,1.05
1150910,5905,南仁湖,N/A,0,0.00,0.75
1150910,6015,宏遠證,3.92,0.54982057,3.21,1.01
1150910,6016,康和證,2.95,1.40500000,6.23,1.05
1150910,6020,大展證,5.69,0.27266554,1.33,0.94
1150910,6021,美好證,3.80,2.00102488,4.68,1.04
1150910,6023,元大期,9.33,5.50000000,6.52,1.35
1150910,6026,福邦證,5.51,1.36413977,8.97,0.96
1150910,6028,公勝保經,9.20,6.00000000,6.38,2.57
1150910,6101,寬魚國際,27.13,0,0.00,3.14
1150910,6103,合邦,80.75,0,0.00,2.93
1150910,6104,創惟,19.45,4.50000000,4.87,3.90
1150910,6109,亞元,N/A,0,0.00,1.25
1150910,6111,光聚晶電,N/A,0,0.00,1.74
1150910,6113,亞矽,36.72,0,0.00,2.12
1150910,6114,久威,6.29,0.50000000,2.10,0.65
1150910,6118,建達,94.06,0,0.00,1.21
1150910,6121,新普,11.43,21.80000000,5.76,1.76
1150910,6122,擎邦,10.82,3.40000000,6.75,2.21
1150910,6123,上奇,13.09,3.60000000,8.46,1.63
1150910,6124,業強,50.96,0,0.00,1.54
1150910,6125,廣運,171.72,0.50000000,1.00,2.77
1150910,6126,信音,36.99,0.59791726,2.07,1.01
1150910,6127,九豪,N/A,0,0.00,4.64
1150910,6130,上亞科技,N/A,0,0.00,1.93
1150910,6134,萬旭,35.89,0.20000000,0.71,1.90
1150910,6138,茂達,18.26,10.94800583,4.03,5.38
1150910,6140,訊達,N/A,0,0.00,1.63
1150910,6143,振曜,10.48,6.00000000,7.27,2.51
1150910,6144,得利影,N/A,0,0.00,1.60
1150910,6146,耕興,15.86,12.00000000,6.63,3.45
1150910,6147,頎邦,46.01,2.80000000,1.47,2.42
1150910,6148,驊宏資,26.11,1.23000000,4.36,2.36
1150910,6150,撼訊,14.71,0.60000000,1.00,1.70
1150910,6151,晉倫,14.76,1.50000000,4.34,1.86
1150910,6154,順發,12.19,0.51000000,3.67,0.87
1150910,6156,松上,51.50,0.20000000,0.97,0.96
1150910,6158,禾昌,N/A,0,0.00,0.83
1150910,6160,欣技,N/A,0,0.00,1.70
1150910,6161,捷波,12.10,2.20000000,4.41,2.09
1150910,6163,華電網,45.34,0.57766376,1.43,2.05
1150910,6167,久正,N/A,0,0.00,0.89
1150910,6169,昱泉,N/A,0,0.00,1.41
1150910,6170,統振,9.94,4.00000000,8.23,2.42
1150910,6171,大城地產,19.20,2.00000000,7.60,1.11
1150910,6173,信昌電,55.56,1.80000000,0.61,4.98
1150910,6174,安碁,33.46,0.34000000,0.80,3.18
1150910,6175,立敦,22.68,3.00000000,4.23,2.52
1150910,6179,亞通,52.33,0.50000000,1.31,1.81
1150910,6180,橘子,N/A,1.02524353,2.47,1.83
1150910,6182,合晶,471.74,0,0.00,3.99
1150910,6185,幃翔,55.22,0.39261977,3.09,0.89
1150910,6186,新潤,6.06,5.00793304,16.31,1.30
1150910,6187,萬潤,66.36,11.66059068,0.91,14.63
1150910,6188,廣明,22.60,3.20000000,5.04,1.39
1150910,6190,萬泰科,30.00,1.93303817,2.84,3.22
1150910,6194,育富,25.60,1.50000000,5.01,0.74
1150910,6195,詩肯,14.71,1.00000000,3.62,1.04
1150910,6198,瑞築,N/A,0,0.00,0.70
1150910,6199,天品,35.77,0,0.00,5.67
1150910,6203,海韻電,9.15,4.00000000,6.66,1.68
1150910,6204,艾華,73.83,0.50000000,0.56,5.69
1150910,6207,雷科,73.68,0.60275886,0.54,3.70
1150910,6208,日揚,17.98,2.00000000,2.62,2.24
1150910,6210,慶生,N/A,0,0.00,1.83
1150910,6212,理銘,15.62,0,0.00,0.84
1150910,6217,中探針,N/A,0,0.00,6.69
1150910,6218,豪勉,27.47,0,0.00,2.96
1150910,6219,富旺,12.87,0,0.00,0.76
1150910,6220,岳豐,21.98,0.70000000,2.75,1.17
1150910,6221,晉泰,9.06,1.19985054,5.66,1.18
1150910,6222,立軒,N/A,0,0.00,1.57
1150910,6223,旺矽,120.34,22.00000000,0.39,34.62
1150910,6227,茂綸,9.02,4.50000000,3.88,2.78
1150910,6228,全譜,N/A,0,0.00,1.91
1150910,6229,研通,21.56,0.60000000,2.55,1.32
1150910,6231,系微,28.91,5.70000000,2.61,9.21
1150910,6233,旺玖,90.91,0.75047485,3.75,1.05
1150910,6234,高僑,33.85,0.25000000,0.71,1.26
1150910,6236,中湛,1995.00,0,0.00,5.33
1150910,6237,驊訊,N/A,0.10000000,0.30,1.83
1150910,6240,松崗,N/A,0,0.00,1.46
1150910,6241,鑫永洋,20.27,0,0.00,1.45
1150910,6242,立康,14.17,2.00000000,5.88,1.28
1150910,6244,茂迪,53.81,0.14000000,0.62,1.92
1150910,6245,立端,19.02,3.80000000,4.56,2.05
1150910,6246,臺龍,65.25,0,0.00,1.19
1150910,6248,沛波,12.94,1.21654042,7.18,0.78
1150910,6259,百徽,19.33,0.34875249,1.21,1.93
1150910,6261,久元,14.95,2.50000000,3.26,1.44
1150910,6263,普萊德,17.84,7.80000000,4.95,6.32
1150910,6264,富裔,N/A,0,0.00,0.89
1150910,6265,方土昶,6.58,0,0.00,2.89
1150910,6266,泰詠,12.76,1.78000000,7.12,1.57
1150910,6270,倍微,21.79,1.00000000,3.50,0.75
1150910,6274,台燿,70.85,7.50657700,0.54,17.29
1150910,6275,元山,17.98,1.99201364,4.38,2.18
1150910,6276,安鈦克,N/A,0,0.00,3.31
1150910,6279,胡連,9.82,5.50000000,4.91,1.47
1150910,6284,佳邦,20.68,1.88959997,2.40,1.35
1150910,6290,良維,29.29,6.19234400,2.25,5.91
1150910,6291,沛亨,42.75,6.00000000,1.21,14.61
1150910,6292,迅德,12.00,1.80000000,2.72,2.58
1150910,6294,智基,10.71,3.00000000,10.53,1.33
1150910,6411,晶焱,18.66,2.21608000,2.83,1.54
1150910,6417,韋僑,16.16,2.40000000,2.27,2.52
1150910,6418,詠昇,92.37,0.38000000,1.08,2.35
1150910,6419,京晨科,5.33,0,0.00,2.92
1150910,6423,億而得,117.18,1.00000000,1.20,4.85
1150910,6425,易發,61.83,0.98915842,1.54,2.54
1150910,6432,今展科,22.93,1.20000000,2.16,2.01
1150910,6435,大中,18.00,7.50000000,3.13,4.01
1150910,6441,廣錠,N/A,0,0.00,1.58
1150910,6461,益得,N/A,0,0.00,3.00
1150910,6462,神盾,N/A,0,0.00,1.22
1150910,6465,威潤,12.54,0.20000000,0.47,3.48
1150910,6469,大樹,19.51,3.75718947,5.60,2.74
1150910,6470,宇智,9.06,2.50000000,5.75,1.45
1150910,6474,華豫寧,10.51,2.50000000,6.99,1.11
1150910,6482,弘煜科,13.30,2.00000000,8.26,1.80
1150910,6485,點序,N/A,0.47825482,0.79,1.46
1150910,6486,互動,16.79,6.00000000,7.44,2.32
1150910,6488,環球晶,44.51,7.70000000,0.84,4.53
1150910,6492,生華科,N/A,0,0.00,4.91
1150910,6494,九齊,17.25,1.00000000,1.95,1.58
1150910,6496,科懋,N/A,0,0.00,1.66
1150910,6498,久禾光,9.27,4.50000000,6.41,2.14
1150910,6499,益安,N/A,0,0.00,5.62
1150910,6506,雙邦,12.21,1.00000000,5.49,1.18
1150910,6508,惠光,24.71,0.50000000,1.98,0.89
1150910,6509,聚和,12.65,1.39368235,3.04,1.62
1150910,6510,精測,86.56,15.23489734,0.42,11.93
1150910,6512,啟發電,N/A,0,0.00,1.55
1150910,6516,勤崴國際,26.47,2.34000000,4.11,3.36
1150910,6517,保勝光學,25.90,1.50000000,2.31,3.02
1150910,6523,達爾膚,13.54,10.00000000,11.17,3.16
1150910,6527,明達醫,13.28,2.90000000,3.75,1.90
1150910,6530,創威,39.92,2.00000000,2.08,7.03
1150910,6532,瑞耘,11.99,3.00000000,3.11,2.92
1150910,6535,順藥,N/A,0,0.00,10.58
1150910,6538,倉和,194.54,1.53265649,0.45,6.57
1150910,6542,隆中,98.86,0.02048780,0.05,2.53
1150910,6546,正基,14.63,2.50000000,4.19,1.87
1150910,6547,高端疫苗,N/A,0,0.00,5.68
1150910,6548,長科*,31.89,1.35001156,1.91,5.05
1150910,6556,勝品,7.94,3.50000000,5.70,1.10
1150910,6560,欣普羅,25.04,0,0.00,1.51
1150910,6561,是方,21.14,14.29875469,4.50,7.49
1150910,6568,宏觀,26.65,2.00000000,1.50,2.62
1150910,6569,醫揚,19.26,3.00000000,3.31,2.28
1150910,6570,維田,19.05,1.10000000,2.28,2.12
1150910,6574,霈方,9.10,3.00000000,2.49,2.48
1150910,6576,逸達,579.29,0,0.00,10.04
1150910,6577,勁豐,10.82,5.00000000,6.39,3.32
1150910,6578,達邦蛋白,N/A,0.40000000,2.29,1.25
1150910,6584,南俊國際,52.61,2.44070731,0.44,10.60
1150910,6588,東典光電,625.00,0,0.00,5.00
1150910,6590,普鴻,11.46,1.50036092,2.52,2.11
1150910,6593,台灣銘板,N/A,0,0.00,1.19
1150910,6596,寬宏藝術,4.72,18.70000000,19.81,2.91
1150910,6597,立誠,45.89,1.00000000,1.38,2.75
1150910,6603,富強鑫,31.79,0.40135362,1.62,1.56
1150910,6609,瀧澤科,N/A,0,0.00,1.19
1150910,6612,奈米醫材,35.53,1.31000830,1.87,1.74
1150910,6613,朋億*,15.67,10.00000000,3.77,3.21
1150910,6615,慧智,51.36,0,0.00,1.13
1150910,6616,特昇-KY,N/A,0,0.00,0.71
1150910,6617,共信-KY,N/A,0,0.00,6.79
1150910,6620,漢達,43.92,2.07384778,1.64,4.09
1150910,6624,萬年清,73.58,0.28759145,0.74,1.77
1150910,6629,泰金-KY,8.98,6.19621734,6.05,2.27
1150910,6637,醫影,9.82,4.50000000,8.33,1.35
1150910,6640,均華,72.24,15.00000000,1.24,6.75
1150910,6642,富致,20.69,1.80000000,2.30,2.69
1150910,6643,M31,445.79,1.19167362,0.28,9.49
1150910,6649,台生材,45.25,1.00000000,2.80,2.33
1150910,6651,全宇昕,15.68,4.00000000,2.86,3.69
1150910,6654,天正國際,72.44,0,0.00,6.31
1150910,6661,威健生技,N/A,0,0.00,1.38
1150910,6662,樂斯科,17.81,1.55000000,5.44,1.71
1150910,6664,群翊,20.84,10.14249808,2.93,5.06
1150910,6667,信紘科,17.16,11.70516944,4.66,4.98
1150910,6679,鈺太,15.88,6.50000000,3.32,1.77
1150910,6680,鑫創電子,56.70,0.29941167,0.56,2.33
1150910,6683,雍智科技,57.59,9.00146991,0.70,12.57
1150910,6684,安格,N/A,0,0.00,1.30
1150910,6690,安碁資訊,14.66,9.00000000,5.61,1.59
1150910,6692,進能服,N/A,0.20302690,0.85,1.43
1150910,6693,廣閎科,35.84,0.60000000,0.34,6.45
1150910,6697,東捷資訊,13.17,2.60000000,6.45,1.83
1150910,6703,軒郁,9.79,1.00000000,1.00,2.56
1150910,6708,天擎,121.94,0,0.00,2.81
1150910,6712,長聖,33.66,3.99999998,2.56,5.60
1150910,6716,應廣,19.32,1.60148138,1.33,4.28
1150910,6720,久昌,35.79,3.50000001,2.67,4.50
1150910,6721,信實,9.96,3.30000000,6.55,1.74
1150910,6725,矽科宏晟,16.86,7.00000000,3.15,3.47
1150910,6727,亞泰金屬,48.74,4.50000000,0.86,9.63
1150910,6728,上洋,11.79,6.50000000,6.05,1.64
1150910,6730,常廣,16.83,1.50000000,4.72,1.56
1150910,6732,昇佳電子,20.97,5.50000000,3.78,1.54
1150910,6733,博晟生醫,N/A,0,0.00,3.21
1150910,6735,美達科技,43.57,0.70000000,1.15,2.98
1150910,6739,竹陞科技,55.91,13.00000000,0.98,29.86
1150910,6741,91APP*-KY,13.34,2.05466318,3.43,2.22
1150910,6751,智聯服務,7.11,3.00000000,7.32,0.98
1150910,6752,叡揚,13.84,4.80000000,5.05,2.64
1150910,6761,穩得,22.37,6.00000000,3.61,3.39
1150910,6762,達亞,336.00,1.00000026,0.60,4.53
1150910,6763,綠界科技*,9.84,3.00000000,7.38,2.51
1150910,6767,台微醫,N/A,0,0.00,1.68
1150910,6785,昱展新藥,N/A,0.10000000,0.10,2.69
1150910,6788,華景電,17.24,15.00000000,4.50,4.89
1150910,6791,虎門科技,21.04,3.50224411,3.52,4.41
1150910,6803,崑鼎,14.53,15.78463295,5.87,2.86
1150910,6804,明係,N/A,0.50000000,2.74,0.68
1150910,6811,宏碁資訊,13.66,10.50000000,4.76,3.93
1150910,6821,聯寶,22.86,1.08577891,2.71,1.72
1150910,6823,濾能,N/A,0,0.00,3.70
1150910,6829,千附精密,44.85,3.50000000,1.46,7.42
1150910,6840,東研信超,42.42,0.99915904,1.10,2.60
1150910,6841,長佳智能,78.81,1.00000000,1.89,3.15
1150910,6843,進典,20.48,2.00000000,5.19,1.54
1150910,6844,諾貝兒,18.17,4.00000000,6.71,0.72
1150910,6846,綠茵,12.40,3.94448057,6.77,1.72
1150910,6855,數泓科,11.82,5.50000000,4.70,3.08
1150910,6856,鑫傳,13.65,3.00000000,7.30,1.61
1150910,6859,伯特光,42.20,2.00000000,1.68,2.35
1150910,6865,偉康科技,N/A,1.40246153,5.49,1.16
1150910,6870,騰雲,33.08,5.18793963,1.81,5.52
1150910,6872,浩宇生醫,N/A,0,0.00,3.89
1150910,6874,倍力,16.55,4.00000000,5.84,3.14
1150910,6875,國邑*,N/A,0,0.00,3.02
1150910,6877,鏵友益,N/A,0.50000000,0.43,6.52
1150910,6881,潤德,10.43,18.50000000,8.69,4.16
1150910,6884,海柏特,15.96,1.50000000,4.89,1.78
1150910,6894,衛司特,22.94,8.50000000,2.35,5.21
1150910,6895,宏碩系統,305.88,2.90000000,1.86,5.94
1150910,6899,創為精密,11.32,2.80000000,5.62,1.12
1150910,6903,巨漢,13.81,8.50000000,2.83,5.43
1150910,6904,伯鑫,16.10,5.00000000,4.08,2.25
1150910,6907,雅特力-KY,38.15,0.99438385,0.52,7.35
1150910,6910,德鴻,13.51,1.75000000,7.00,1.69
1150910,6913,鴻呈,19.63,2.50000000,1.94,3.23
1150910,6922,宸曜,19.83,4.83000000,2.54,4.77
1150910,6925,意藍,16.92,2.00000000,4.06,2.53
1150910,6929,佑全,N/A,0,0.00,0.97
1150910,6945,圓祥生技,N/A,0,0.00,4.12
1150910,6953,家碩,24.41,6.00000000,2.53,4.33
1150910,6961,旅天下,19.26,5.00000000,10.10,1.45
1150910,6967,汎瑋材料,12.36,3.70000000,5.74,1.93
1150910,6968,萬達寵物,16.42,1.50000000,3.60,1.56
1150910,6971,惠民實業,10.83,1.50000000,6.02,1.10
1150910,6982,大井泵浦,N/A,1.59594502,3.55,2.10
1150910,6983,華洋精機,85.22,3.00000000,0.87,6.92
1150910,6986,和迅,18.23,0.22000000,0.54,1.98
1150910,6996,力領科技,11.20,10.00178580,5.94,2.62
1150910,6997,博弘,33.66,4.60000000,6.76,2.97
1150910,7402,邑錡,N/A,0.49936115,0.50,5.67
1150910,7547,碩網,15.81,1.77800547,3.64,1.70
1150910,7556,意德士,28.54,4.53536488,1.84,3.90
1150910,7584,樂意,N/A,0.40996082,1.56,0.96
1150910,7642,昶瑞機電,30.16,3.00000000,4.03,2.36
1150910,7703,銳澤,27.45,7.00000000,3.42,3.51
1150910,7704,明遠精密,19.22,1.79999999,2.91,1.79
1150910,7708,全家餐飲,12.22,5.50000000,5.98,2.33
1150910,7709,榮田,23.53,1.50000000,1.70,2.03
1150910,7712,博盛半導體,21.93,4.00000000,2.63,2.63
1150910,7713,威力德生醫,13.49,4.10000000,5.55,2.80
1150910,7714,創泓科技,20.44,5.00000000,3.16,5.73
1150910,7715,裕山,19.55,1.80000000,6.35,1.03
1150910,7716,昱臺國際,14.05,1.70000000,7.16,1.12
1150910,7717,萊德光電-KY,68.81,3.29284754,0.68,11.54
1150910,7718,友鋮,8.38,2.50000000,5.41,1.36
1150910,7723,築間,N/A,0,0.00,1.48
1150910,7728,光焱科技,97.14,5.10000360,0.83,11.75
1150910,7734,印能科技,59.23,19.85063330,0.71,11.65
1150910,7738,東聯互動,12.89,10.00000000,6.06,2.39
1150910,7743,金利食安,19.35,0.50000000,2.25,1.25
1150910,7744,崴寶,23.66,7.00000000,1.36,6.09
1150910,7747,昕奇雲端,23.11,4.00000000,3.54,3.22
1150910,7751,竑騰,58.14,18.00000000,1.20,17.09
1150910,7753,星亞,8.28,1.50000000,4.12,1.60
1150910,7757,金色三麥,10.99,7.75000000,8.70,2.15
1150910,7767,仁大資訊,9.87,3.00000000,6.71,1.49
1150910,7770,君曜,14.76,2.00000000,5.33,1.98
1150910,7772,耀穎,155.70,1.50000000,1.22,3.21
1150910,7777,能率亞洲,30.08,0.25000000,0.66,3.01
1150910,7782,光速火箭,11.67,2.01126370,7.87,1.29
1150910,7792,安葆,29.11,8.00000000,2.48,4.53
1150910,7794,宏碁智新,13.11,1.60000000,5.00,1.92
1150910,7805,威聯通,10.66,40.00000024,7.91,2.17
1150910,7810,捷創科技,25.31,5.00000000,2.26,4.73
1150910,7811,民盛,10.66,5.66995644,7.68,1.24
1150910,7814,海昌生技,206.07,0,0.00,3.96
1150910,7819,精誠金融,19.74,1.73875353,5.09,1.45
1150910,7820,立盈,49.13,1.50000000,1.33,3.43
1150910,7825,和亞智慧,54.48,1.40000000,1.28,6.04
1150910,7828,創新服務,208.42,4.52980585,0.22,16.10
1150910,7839,達人網,21.23,2.03529174,4.63,2.81
1150910,7842,天能綠電,22.76,3.20000000,3.20,2.15
1150910,8024,佑華,N/A,0,0.00,1.50
1150910,8027,鈦昇,580.00,0,0.00,6.46
1150910,8032,光菱,9.93,1.20000000,3.44,0.82
1150910,8034,榮群,17.20,1.20000000,6.02,1.68
1150910,8038,長園科,36.57,0,0.00,3.92
1150910,8040,九暘,1000.00,0,0.00,3.11
1150910,8042,金山電,31.54,1.19592012,0.99,3.48
1150910,8043,蜜望實,34.26,0.90000000,0.64,3.98
1150910,8044,網家,N/A,0,0.00,0.73
1150910,8047,星雲,N/A,0,0.00,5.30
1150910,8048,德勝,14.52,2.30000000,4.56,2.47
1150910,8049,晶采,12.83,1.40000000,5.71,1.12
1150910,8050,廣積,21.03,2.14765656,3.90,1.49
1150910,8054,安國,N/A,0,0.00,3.40
1150910,8064,東捷,52.06,0.98096387,0.78,5.53
1150910,8066,來思達,N/A,0,0.00,0.96
1150910,8067,志旭,50.40,0,0.00,1.79
1150910,8068,全達,N/A,0,0.00,1.19
1150910,8069,元太,14.30,5.88820682,4.01,2.24
1150910,8071,能率網通,N/A,0,0.00,1.71
1150910,8074,鉅橡,27.92,1.10000000,2.15,2.18
1150910,8076,伍豐,155.00,0.70000000,3.23,1.70
1150910,8077,洛碁,6.42,2.00000000,4.60,1.81
1150910,8080,泰霖,N/A,0,0.00,3.55
1150910,8083,瑞穎,13.87,10.00000000,6.33,5.06
1150910,8084,巨虹,N/A,0,0.00,6.18
1150910,8085,福華,N/A,0,0.00,1.81
1150910,8086,宏捷科,20.43,1.68000000,1.53,2.54
1150910,8087,麗升能源,N/A,0,0.00,1.32
1150910,8088,品安,14.41,1.50000000,3.48,2.35
1150910,8089,康全電訊,N/A,0,0.00,1.20
1150910,8091,翔名,21.76,4.21513178,2.03,2.77
1150910,8092,建暐,85.33,0,0.00,1.36
1150910,8093,保銳,N/A,0,0.00,2.70
1150910,8096,擎亞,25.36,0.50000000,0.54,4.42
1150910,8097,常珵,N/A,0,0.00,3.05
1150910,8099,大世科,17.93,2.10000000,3.56,3.61
1150910,8102,傑霖科技,25.04,1.00000000,1.58,3.44
1150910,8107,大億金茂,9.92,0,0.00,0.59
1150910,8109,博大,17.16,4.50000000,3.53,3.46
1150910,8111,立碁,62.46,0.60000000,0.84,5.62
1150910,8121,越峰,343.13,0,0.00,2.89
1150910,8147,正淩,51.76,3.03000000,2.29,3.77
1150910,8155,博智,29.22,5.15772039,1.52,5.50
1150910,8171,天宇,N/A,0,0.00,1.22
1150910,8176,智捷,31.55,0,0.00,1.15
1150910,8182,加高,36.76,0.25000000,0.65,1.15
1150910,8183,精星,8.41,0.80000000,2.76,0.83
1150910,8227,巨有科技,42.23,1.70000000,0.78,7.17
1150910,8234,新漢,N/A,0.40000000,0.63,2.98
1150910,8240,華宏,22.13,1.30000000,2.50,1.08
1150910,8255,朋程,20.30,3.49512450,2.55,1.52
1150910,8272,全景軟體,13.73,2.80000000,4.45,2.02
1150910,8279,生展,9.45,5.00000000,6.35,0.91
1150910,8284,三竹,10.20,4.00287477,6.00,2.36
1150910,8289,泰藝,40.00,0.15000000,0.35,1.76
1150910,8291,尚茂,N/A,0,0.00,8.96
1150910,8299,群聯,9.46,23.19257389,1.12,4.47
1150910,8342,益張,11.52,5.00000000,5.75,2.85
1150910,8349,恒耀,15.06,1.53599810,4.00,1.10
1150910,8354,冠好,6.37,0.11000000,0.64,0.62
1150910,8358,金居,77.65,2.00000000,0.38,14.14
1150910,8383,千附,13.32,2.50000000,3.80,1.95
1150910,8390,金益鼎,10.24,3.80000000,4.11,2.35
1150910,8401,白紗科,8.61,1.20000000,5.30,1.33
1150910,8403,盛弘,16.02,0.60000000,3.17,0.79
1150910,8409,商之器,17.84,0,0.00,1.94
1150910,8410,森田,6.63,1.60000000,5.50,0.58
1150910,8415,大國鋼,9.16,1.50000000,4.13,1.28
1150910,8416,實威,11.50,8.50000000,5.03,2.94
1150910,8421,旭源,30.12,0,0.00,0.93
1150910,8423,保綠-KY,17.10,0.70000000,3.83,1.24
1150910,8424,惠普,11.05,5.00000000,7.29,2.24
1150910,8426,紅木-KY,9.67,0.80000000,3.88,0.89
1150910,8431,匯鑽科,N/A,0,0.00,4.20
1150910,8432,東生華,11.46,2.61000000,5.24,1.35
1150910,8433,弘帆,7.41,4.20000000,7.79,1.24
1150910,8435,鉅邁,10.31,3.20000000,6.05,1.98
1150910,8436,大江,12.22,6.01343369,5.59,1.54
1150910,8437,大地-KY,N/A,0,0.00,0.18
1150910,8440,綠電,20.10,0.20000000,1.01,1.50
1150910,8444,綠河-KY,N/A,0,0.00,4.07
1150910,8446,華研,10.97,8.00000000,9.29,2.26
1150910,8450,霹靂,N/A,0,0.00,1.81
1150910,8455,大拓-KY,44.23,0,0.00,1.04
1150910,8472,夠麻吉,N/A,0,0.00,5.39
1150910,8477,創業家,N/A,0,0.00,1.84
1150910,8489,三貝德,33.26,0,0.00,1.38
1150910,8905,裕國,42.72,0.71000000,2.05,1.46
1150910,8906,花王,N/A,0,0.00,2.57
1150910,8908,欣雄,19.10,1.80434060,4.48,3.09
1150910,8916,光隆,14.24,3.03398441,7.40,1.21
1150910,8917,欣泰,21.20,2.10000000,3.96,3.28
1150910,8921,沈氏,N/A,0.26590000,1.62,0.67
1150910,8923,時報,23.31,0.90000000,4.83,1.28
1150910,8924,大田,18.44,4.30000000,8.48,1.09
1150910,8927,北基,20.38,0.30624815,1.63,1.40
1150910,8928,鉅明,9.81,0.80000000,3.44,1.08
1150910,8929,富堡,37.14,0,0.00,0.82
1150910,8930,青鋼,11.15,2.20000000,7.59,1.69
1150910,8931,大汽電,35.09,1.60000000,3.90,2.54
1150910,8932,智通*,43.74,2.64230000,1.43,13.32
1150910,8933,愛地雅,N/A,0,0.00,0.97
1150910,8935,邦泰,N/A,0,0.00,2.33
1150910,8936,國統,11.77,3.00000000,5.87,2.00
1150910,8937,合騏*,508.33,0,0.00,5.51
1150910,8938,明安,9.85,4.00000000,7.74,1.04
1150910,8941,關中,14.40,1.00000000,2.25,1.55
1150910,8942,森鉅,7.89,1.00000000,2.39,0.81
1150910,9949,琉園,3.92,2.20000000,9.21,2.15
1150910,9950,萬國通,N/A,0,0.00,1.22
1150910,9951,皇田,8.68,3.25321420,6.60,0.93
1150910,9960,邁達康,13.60,1.55036921,5.00,1.47
1150910,9962,有益,43.70,0,0.00,0.84
